date,air_pressure,wind_speed,wind_direction,surge_height
2015-07-11 06:00:00,1009.6,4.3,44,0.9
2015-07-11 06:10:00,1009.6,4.4,40,0.9
2015-07-11 06:20:00,1009.7,4.2,26,0.9
2015-07-11 06:30:00,1009.6,3.8,27,0.8
2015-07-11 06:40:00,1009.7,4.1,28,0.8
2015-07-11 06:50:00,1009.8,3.8,30,0.8
2015-07-11 07:00:00,1009.7,3.5,32,0.9
2015-07-11 07:10:00,1009.6,3.4,35,0.9
2015-07-11 07:20:00,1009.8,3.5,22,0.9
2015-07-11 07:30:00,1009.7,4.0,50,1.0
2015-07-11 07:40:00,1009.7,5.0,25,1.0
2015-07-11 07:50:00,1009.7,4.8,52,1.0
2015-07-11 08:00:00,1009.9,4.9,29,1.0
2015-07-11 08:10:00,1009.8,4.4,46,1.0
2015-07-11 08:20:00,1009.8,4.2,54,1.0
2015-07-11 08:30:00,1009.7,4.5,54,0.9
2015-07-11 08:40:00,1009.7,4.3,35,0.9
2015-07-11 08:50:00,1009.7,4.4,45,0.9
2015-07-11 09:00:00,1009.7,4.4,65,0.9
2015-07-11 09:10:00,1009.7,4.1,22,0.9
2015-07-11 09:20:00,1009.6,4.2,50,0.9
2015-07-11 09:30:00,1009.6,5.0,31,0.9
2015-07-11 09:40:00,1009.5,5.5,56,0.9
2015-07-11 09:50:00,1009.5,6.1,54,0.9
2015-07-11 10:00:00,1009.3,5.9,72,1.0
2015-07-11 10:10:00,1009.2,6.2,58,1.0
2015-07-11 10:20:00,1009.1,6.4,36,1.0
2015-07-11 10:30:00,1008.9,6.2,15,1.0
2015-07-11 10:40:00,1009.0,6.3,39,1.0
2015-07-11 10:50:00,1008.9,6.4,40,1.0
2015-07-11 11:00:00,1008.6,6.2,78,1.2
2015-07-11 11:10:00,1008.6,6.6,51,1.2
2015-07-11 11:20:00,1008.4,6.6,48,1.2
2015-07-11 11:30:00,1008.3,6.9,29,1.3
2015-07-11 11:40:00,1008.2,7.2,57,1.3
2015-07-11 11:50:00,1008.0,6.9,75,1.3
2015-07-11 12:00:00,1007.9,7.4,72,1.3
2015-07-11 12:10:00,1007.9,7.6,78,1.3
2015-07-11 12:20:00,1007.8,8.2,74,1.3
2015-07-11 12:30:00,1007.9,8.9,73,1.1
2015-07-11 12:40:00,1007.8,8.0,92,1.1
2015-07-11 12:50:00,1007.4,8.4,90,1.1
2015-07-11 13:00:00,1007.3,8.9,88,1.5
2015-07-11 13:10:00,1007.2,9.0,88,1.5
2015-07-11 13:20:00,1007.1,8.6,66,1.5
2015-07-11 13:30:00,1006.8,8.6,72,1.5
2015-07-11 13:40:00,1006.7,8.8,110,1.5
2015-07-11 13:50:00,1006.5,8.0,82,1.5
2015-07-11 14:00:00,1006.4,7.9,89,1.4
2015-07-11 14:10:00,1006.1,7.7,84,1.4
2015-07-11 14:20:00,1006.1,7.0,63,1.4
2015-07-11 14:30:00,1005.9,7.0,62,1.4
2015-07-11 14:40:00,1005.6,7.2,70,1.4
2015-07-11 14:50:00,1005.4,7.0,122,1.4
2015-07-11 15:00:00,1005.4,7.1,92,1.2
2015-07-11 15:10:00,1005.2,6.8,90,1.2
2015-07-11 15:20:00,1005.2,6.5,83,1.2
2015-07-11 15:30:00,1005.1,6.2,72,1.5
2015-07-11 15:40:00,1005.0,5.9,35,1.5
2015-07-11 15:50:00,1004.9,5.5,84,1.5
2015-07-11 16:00:00,1004.8,4.9,64,1.3
2015-07-11 16:10:00,1004.9,5.9,87,1.3
2015-07-11 16:30:00,1004.7,6.6,84,1.3
2015-07-11 16:40:00,1004.6,6.4,67,1.3
2015-07-11 16:50:00,1004.7,5.8,76,1.3
2015-07-11 17:00:00,1004.5,5.9,82,1.3
2015-07-11 17:10:00,1004.4,5.9,70,1.3
2015-07-11 17:30:00,1004.1,6.6,91,1.2
2015-07-11 17:40:00,1004.1,6.8,92,1.2
2015-07-11 17:50:00,1004.1,7.0,90,1.2
2015-07-11 18:00:00,1004.2,6.8,92,1.3
2015-07-11 18:10:00,1004.2,6.0,77,1.3
2015-07-11 18:20:00,1004.3,5.5,63,1.3
2015-07-11 18:30:00,1004.3,4.7,72,1.2
2015-07-11 18:40:00,1004.3,4.8,37,1.2
2015-07-11 18:50:00,1004.2,5.0,71,1.2
2015-07-11 19:00:00,1004.4,5.2,49,1.5
2015-07-11 19:10:00,1004.3,5.2,32,1.5
2015-07-11 19:20:00,1004.3,5.0,68,1.5
2015-07-11 19:30:00,1004.4,5.1,65,1.1
2015-07-11 19:40:00,1004.4,5.7,52,1.1
2015-07-11 19:50:00,1004.4,5.4,44,1.1
2015-07-11 20:00:00,1004.3,5.8,49,1.1
2015-07-11 20:10:00,1004.4,5.3,16,1.1
2015-07-11 20:20:00,1004.5,6.0,53,1.1
2015-07-11 20:30:00,1004.6,5.6,56,1.2
2015-07-11 20:40:00,1004.6,6.0,48,1.2
2015-07-11 21:00:00,1004.8,6.4,19,1.3
2015-07-11 21:10:00,1004.7,7.0,22,1.3
2015-07-11 21:20:00,1004.6,8.1,17,1.3
2015-07-11 21:30:00,1004.5,7.3,31,1.2
2015-07-11 21:40:00,1004.3,7.4,15,1.2
2015-07-11 21:50:00,1004.1,7.6,37,1.2
2015-07-11 22:00:00,1004.1,7.9,115,1.3
2015-07-11 22:10:00,1003.9,8.1,45,1.3
2015-07-11 22:20:00,1003.8,8.4,59,1.3
2015-07-11 22:40:00,1003.2,9.2,45,1.4
2015-07-11 22:50:00,1003.3,7.7,76,1.4
2015-07-11 23:00:00,1003.1,7.6,26,1.5
2015-07-11 23:10:00,1003.1,7.2,22,1.5
2015-07-11 23:20:00,1002.6,7.6,67,1.5
2015-07-11 23:30:00,1002.5,7.9,49,1.6
2015-07-11 23:40:00,1002.4,8.0,358,1.6
2015-07-11 23:50:00,1002.3,8.4,38,1.6
2015-07-12 00:00:00,1002.0,9.4,63,1.7
2015-07-12 00:10:00,1001.7,9.1,353,1.7
2015-07-12 00:20:00,1001.5,8.4,40,1.7
2015-07-12 00:30:00,1001.3,8.1,357,1.9
2015-07-12 00:40:00,1001.0,8.7,62,1.9
2015-07-12 00:50:00,1000.9,9.1,43,1.9
2015-07-12 01:00:00,1000.8,9.6,8,2.2
2015-07-12 01:10:00,1000.7,9.1,55,2.2
2015-07-12 01:20:00,1000.5,9.0,14,2.2
2015-07-12 01:30:00,1000.3,9.4,63,2.0
2015-07-12 01:40:00,1000.2,9.5,79,2.0
2015-07-12 01:50:00,999.8,8.5,28,2.0
2015-07-12 02:00:00,999.8,9.8,68,2.0
2015-07-12 02:10:00,999.7,10.0,12,2.0
2015-07-12 02:20:00,999.6,10.5,58,2.0
2015-07-12 02:30:00,999.3,10.5,48,1.9
2015-07-12 02:40:00,999.3,10.5,61,1.9
2015-07-12 02:50:00,999.2,9.8,66,1.9
2015-07-12 03:00:00,999.2,9.8,352,2.2
2015-07-12 03:10:00,999.0,9.0,7,2.2
2015-07-12 03:20:00,998.8,8.2,28,2.2
2015-07-12 03:30:00,999.0,8.3,29,2.3
2015-07-12 03:40:00,998.7,7.3,9,2.3
2015-07-12 03:50:00,998.6,8.1,352,2.3
2015-07-12 04:00:00,998.7,6.3,7,2.2
2015-07-12 04:10:00,998.3,6.0,0,2.2
2015-07-12 04:20:00,998.3,7.1,14,2.2
2015-07-12 04:30:00,998.3,8.9,0,2.1
2015-07-12 04:40:00,998.0,9.2,340,2.1
2015-07-12 04:50:00,998.0,8.8,12,2.1
2015-07-12 05:00:00,997.7,9.1,30,2.1
2015-07-12 05:10:00,997.7,9.2,11,2.1
2015-07-12 05:20:00,997.8,9.2,7,2.1
2015-07-12 05:30:00,997.8,9.1,21,2.1
2015-07-12 05:40:00,997.7,9.3,7,2.1
2015-07-12 05:50:00,997.7,9.3,21,2.1
2015-07-12 06:00:00,997.6,8.6,7,1.8
2015-07-12 06:10:00,997.8,9.5,6,1.8
2015-07-12 06:20:00,997.4,9.6,1,1.8
2015-07-12 06:30:00,997.5,10.6,357,1.8
2015-07-12 06:40:00,997.3,11.4,4,1.8
2015-07-12 06:50:00,997.3,11.1,350,1.8
2015-07-12 07:00:00,997.4,11.5,0,1.8
2015-07-12 07:10:00,997.6,11.2,11,1.8
2015-07-12 07:20:00,997.5,11.9,10,1.8
2015-07-12 07:30:00,997.4,12.6,359,1.6
2015-07-12 07:40:00,997.2,12.3,5,1.6
2015-07-12 07:50:00,997.2,12.7,14,1.6
2015-07-12 08:00:00,997.3,11.0,0,1.7
2015-07-12 08:10:00,997.3,11.5,351,1.7
2015-07-12 08:20:00,997.3,11.5,329,1.7
2015-07-12 08:30:00,997.2,11.3,352,1.7
2015-07-12 08:40:00,997.3,10.4,18,1.7
2015-07-12 08:50:00,997.4,10.9,332,1.7
2015-07-12 09:00:00,997.1,12.4,356,1.9
2015-07-12 09:10:00,997.1,11.8,334,1.9
2015-07-12 09:20:00,997.2,10.9,93,1.9
2015-07-12 09:30:00,996.9,11.8,0,1.6
2015-07-12 09:50:00,996.8,11.5,353,1.6
2015-07-12 10:00:00,996.7,12.5,9,1.8
2015-07-12 10:10:00,996.5,11.7,359,1.8
2015-07-12 10:20:00,996.6,13.1,35,1.8
2015-07-12 10:30:00,996.3,13.1,11,1.9
2015-07-12 10:40:00,996.4,12.9,25,1.9
2015-07-12 10:50:00,996.1,13.8,4,1.9
2015-07-12 11:00:00,996.4,12.5,353,2.0
2015-07-12 11:10:00,996.3,11.8,357,2.0
2015-07-12 11:20:00,996.1,11.8,327,2.0
2015-07-12 11:30:00,996.1,11.8,18,2.2
2015-07-12 11:40:00,995.8,11.3,2,2.2
2015-07-12 11:50:00,995.8,11.3,50,2.2
2015-07-12 12:00:00,995.9,10.5,356,2.2
2015-07-12 12:10:00,995.7,9.9,347,2.2
2015-07-12 12:20:00,995.8,10.3,15,2.2
2015-07-12 12:30:00,995.5,9.7,0,2.0
2015-07-12 12:40:00,995.1,9.4,7,2.0
2015-07-12 12:50:00,995.0,10.5,332,2.0
2015-07-12 13:00:00,995.0,9.8,348,2.1
2015-07-12 13:10:00,995.1,8.9,4,2.1
2015-07-12 13:20:00,995.3,10.2,1,2.1
2015-07-12 13:30:00,995.0,12.4,11,1.9
2015-07-12 13:40:00,995.2,13.0,26,1.9
2015-07-12 13:50:00,995.4,13.4,347,1.9
2015-07-12 14:00:00,995.0,12.1,25,2.1
2015-07-12 14:10:00,995.0,12.5,341,2.1
2015-07-12 14:20:00,995.1,13.1,358,2.1
2015-07-12 14:30:00,994.8,13.2,15,2.3
2015-07-12 14:40:00,995.0,11.2,25,2.3
2015-07-12 14:50:00,995.0,9.4,23,2.3
2015-07-12 15:00:00,995.1,9.9,1,2.4
2015-07-12 15:10:00,994.9,10.3,316,2.4
2015-07-12 15:20:00,995.1,11.2,307,2.4
2015-07-12 15:30:00,995.1,9.9,356,1.9
2015-07-12 15:40:00,995.1,10.9,309,1.9
2015-07-12 15:50:00,994.9,12.2,328,1.9
2015-07-12 16:00:00,994.8,10.8,333,2.0
2015-07-12 16:10:00,994.9,10.7,345,2.0
2015-07-12 16:20:00,994.7,12.5,348,2.0
2015-07-12 16:30:00,994.9,12.6,331,1.7
2015-07-12 16:40:00,994.8,10.7,333,1.7
2015-07-12 16:50:00,994.7,9.8,351,1.7
2015-07-12 17:00:00,994.8,10.2,346,1.7
2015-07-12 17:10:00,994.9,9.7,345,1.7
2015-07-12 17:20:00,994.9,11.2,337,1.7
2015-07-12 17:30:00,995.0,10.9,349,1.7
2015-07-12 17:40:00,995.1,11.3,333,1.7
2015-07-12 17:50:00,995.2,11.3,351,1.7
2015-07-12 18:00:00,995.2,10.0,340,1.5
2015-07-12 18:10:00,995.3,10.7,337,1.5
2015-07-12 18:20:00,995.5,9.5,318,1.5
2015-07-12 18:30:00,995.5,9.9,339,1.3
2015-07-12 18:40:00,995.5,9.4,314,1.3
2015-07-12 18:50:00,995.5,9.9,329,1.3
2015-07-12 19:00:00,995.7,8.4,330,1.4
2015-07-12 19:10:00,995.8,9.3,315,1.4
2015-07-12 19:20:00,996.1,8.0,336,1.4
2015-07-12 19:30:00,996.2,5.9,312,1.3
2015-07-12 19:40:00,996.4,6.8,315,1.3
2015-07-12 19:50:00,996.4,6.9,318,1.3
2015-07-12 20:00:00,996.4,7.3,327,1.3
2015-07-12 20:10:00,996.5,6.1,330,1.3
2015-07-12 20:20:00,996.7,6.5,303,1.3
2015-07-12 20:30:00,996.8,7.0,312,1.6
2015-07-12 20:40:00,997.0,6.4,325,1.6
2015-07-12 20:50:00,997.1,7.2,330,1.6
2015-07-12 21:00:00,997.1,7.0,311,1.0
2015-07-12 21:10:00,997.4,6.4,313,1.0
2015-07-12 21:20:00,997.4,7.3,308,1.0
2015-07-12 21:30:00,997.4,6.7,301,1.3
2015-07-12 21:40:00,997.2,5.9,322,1.3
2015-07-12 21:50:00,997.3,5.3,302,1.3
2015-07-12 22:00:00,997.3,5.9,307,1.1
2015-07-12 22:10:00,997.4,4.9,284,1.1
2015-07-12 22:20:00,997.2,4.8,287,1.1
2015-07-12 22:30:00,997.2,4.7,297,0.9
2015-07-12 22:40:00,997.2,5.7,345,0.9
2015-07-12 22:50:00,997.1,4.5,308,0.9
2015-07-12 23:00:00,997.2,2.9,297,1.0
2015-07-12 23:10:00,997.2,1.7,210,1.0
2015-07-12 23:20:00,997.2,2.5,199,1.0
2015-07-12 23:30:00,997.3,2.1,227,1.3
2015-07-12 23:40:00,997.3,2.6,240,1.3
2015-07-12 23:50:00,997.3,2.6,245,1.3
2015-07-13 00:00:00,997.2,2.5,251,1.2
2015-07-13 00:10:00,997.2,1.6,234,1.2
2015-07-13 00:20:00,997.1,4.6,271,1.2
2015-07-13 00:30:00,997.2,5.3,280,1.2
2015-07-13 00:40:00,996.9,5.6,271,1.2
2015-07-13 00:50:00,997.0,5.0,257,1.2
2015-07-13 01:00:00,997.0,4.6,246,1.4
2015-07-13 01:10:00,996.8,3.9,255,1.4
2015-07-13 01:20:00,996.8,4.3,273,1.4
2015-07-13 01:30:00,996.7,3.8,248,1.3
2015-07-13 01:40:00,996.7,4.4,273,1.3
2015-07-13 01:50:00,996.7,4.3,274,1.3
2015-07-13 02:00:00,996.6,4.0,271,1.5
2015-07-13 02:10:00,996.5,4.1,271,1.5
2015-07-13 02:20:00,996.6,4.1,275,1.5
2015-07-13 02:30:00,996.6,3.2,275,1.3
2015-07-13 02:40:00,996.8,3.4,292,1.3
2015-07-13 02:50:00,996.7,4.1,292,1.3
2015-07-13 03:00:00,996.6,3.5,272,1.3
2015-07-13 03:10:00,996.8,3.3,283,1.3
2015-07-13 03:20:00,996.8,3.0,288,1.3
2015-07-13 03:30:00,996.8,3.0,286,1.3
2015-07-13 03:40:00,997.0,2.7,328,1.3
2015-07-13 03:50:00,996.9,1.8,277,1.3
2015-07-13 04:00:00,996.9,1.8,289,1.1
2015-07-13 04:10:00,997.0,1.2,295,1.1
2015-07-13 04:20:00,997.0,1.0,282,1.1
2015-07-13 04:30:00,997.1,0.5,272,1.2
2015-07-13 04:40:00,997.1,0.9,267,1.2
2015-07-13 04:50:00,997.2,1.2,271,1.2
2015-07-13 05:00:00,997.2,3.0,265,1.2
2015-07-13 05:10:00,997.3,3.0,256,1.2
2015-07-13 05:20:00,997.4,3.1,275,1.2
2015-07-13 05:30:00,997.7,2.4,258,1.1
2015-07-13 05:40:00,997.7,2.1,247,1.1
2015-07-13 05:50:00,997.7,2.0,202,1.1
2015-07-13 06:00:00,997.8,2.4,231,0.8
2015-07-13 06:10:00,998.0,2.6,218,0.8
2015-07-13 06:20:00,998.0,2.4,223,0.8
2015-07-13 06:30:00,998.2,2.7,230,0.9
2015-07-13 06:40:00,998.2,3.1,236,0.9
2015-07-13 06:50:00,998.3,3.4,241,0.9
2015-07-13 07:00:00,998.4,3.2,261,0.7
2015-07-13 07:10:00,998.4,3.5,247,0.7
2015-07-13 07:20:00,998.4,3.7,246,0.7
2015-07-13 07:30:00,998.5,4.1,248,0.8
2015-07-13 07:40:00,998.6,4.4,252,0.8
2015-07-13 07:50:00,998.8,3.2,255,0.8
2015-07-13 08:00:00,998.7,4.4,268,0.6
2015-07-13 08:10:00,998.8,4.5,267,0.6
2015-07-13 08:20:00,998.9,4.3,278,0.6
2015-07-13 08:30:00,999.0,4.3,267,0.8
2015-07-13 08:40:00,999.0,3.6,248,0.8
2015-07-13 08:50:00,999.1,3.4,256,0.8
2015-07-13 09:00:00,999.1,2.8,200,0.7
2015-07-13 09:10:00,999.1,3.0,216,0.7
2015-07-13 09:20:00,999.2,3.6,208,0.7
2015-07-13 09:30:00,999.2,3.8,223,0.7
2015-07-13 09:40:00,999.1,3.6,211,0.7
2015-07-13 09:50:00,999.1,3.9,196,0.7
2015-07-13 10:00:00,999.2,4.2,188,0.7
2015-07-13 10:10:00,999.2,4.4,195,0.7
2015-07-13 10:20:00,999.2,5.4,186,0.7
2015-07-13 10:30:00,999.2,5.2,187,0.7
2015-07-13 10:40:00,999.2,5.1,185,0.7
2015-07-13 10:50:00,999.1,5.1,182,0.7
2015-07-13 11:00:00,999.1,6.4,206,0.7
2015-07-13 11:10:00,999.0,5.7,189,0.7
2015-07-13 11:20:00,998.9,5.7,172,0.7
2015-07-13 11:30:00,998.9,5.1,166,0.8
2015-07-13 11:40:00,998.8,5.9,171,0.8
2015-07-13 11:50:00,998.7,6.4,176,0.8
2015-07-13 12:00:00,998.6,5.9,164,0.7
2015-07-13 12:10:00,998.4,6.0,156,0.7
2015-07-13 12:20:00,998.3,4.8,157,0.7
2015-07-13 12:30:00,998.2,5.1,175,0.8
2015-07-13 12:40:00,998.0,5.2,175,0.8
2015-07-13 12:50:00,998.0,6.3,176,0.8
2015-07-13 13:00:00,997.8,6.5,180,0.7
2015-07-13 13:10:00,997.8,6.6,188,0.7
2015-07-13 13:20:00,997.7,6.8,181,0.7
2015-07-13 13:30:00,997.7,6.5,199,0.7
2015-07-13 13:40:00,997.5,6.5,192,0.7
2015-07-13 13:50:00,997.5,6.7,195,0.7
2015-07-13 14:00:00,997.4,6.3,172,0.7
2015-07-13 14:10:00,997.4,5.9,183,0.7
2015-07-13 14:20:00,997.3,6.3,168,0.7
2015-07-13 14:30:00,997.2,5.8,170,0.8
2015-07-13 14:40:00,997.2,5.4,202,0.8
2015-07-13 14:50:00,997.1,4.7,198,0.8
2015-07-13 15:00:00,996.9,5.2,243,0.8
2015-07-13 15:10:00,996.9,7.0,240,0.8
2015-07-13 15:20:00,996.8,7.8,248,0.8
2015-07-13 15:30:00,996.8,5.7,243,0.7
2015-07-13 15:40:00,996.9,6.8,224,0.7
2015-07-13 15:50:00,996.9,5.4,237,0.7
2015-07-13 16:00:00,996.9,6.2,249,0.8
2015-07-13 16:10:00,996.8,5.4,245,0.8
2015-07-13 16:20:00,996.9,6.3,257,0.8
2015-07-13 16:30:00,997.0,5.1,263,0.8
2015-07-13 16:40:00,996.9,4.7,184,0.8
2015-07-13 16:50:00,996.9,4.7,188,0.8
2015-07-13 17:00:00,996.9,4.4,195,0.7
2015-07-13 17:10:00,997.1,4.5,185,0.7
2015-07-13 17:20:00,997.1,3.4,183,0.7
2015-07-13 17:30:00,997.2,4.0,229,0.8
2015-07-13 17:40:00,997.3,5.3,220,0.8
2015-07-13 17:50:00,997.4,5.0,236,0.8
2015-07-13 18:00:00,997.5,4.8,236,0.7
2015-07-13 18:10:00,997.5,7.6,231,0.7
2015-07-13 18:20:00,997.7,5.7,232,0.7
2015-07-13 18:30:00,997.8,6.3,234,0.9
2015-07-13 18:40:00,997.9,5.8,238,0.9
2015-07-13 18:50:00,998.0,4.5,236,0.9
2015-07-13 19:00:00,998.1,5.0,215,0.6
2015-07-13 19:10:00,998.2,6.6,240,0.6
2015-07-13 19:20:00,998.3,6.8,248,0.6
2015-07-13 19:30:00,998.5,6.2,256,0.7
2015-07-13 19:40:00,998.5,5.3,261,0.7
2015-07-13 19:50:00,998.6,5.0,248,0.7
2015-07-13 20:00:00,998.8,4.3,257,0.6
2015-07-13 20:10:00,999.0,4.9,256,0.6
2015-07-13 20:20:00,999.3,4.7,268,0.6
2015-07-13 20:30:00,999.6,3.8,291,0.5
2015-07-13 20:40:00,999.8,2.9,317,0.5
2015-07-13 21:00:00,1000.2,3.2,291,0.6
2015-07-13 21:10:00,1000.4,3.6,40,0.6
2015-07-13 21:20:00,1000.3,3.2,40,0.6
2015-07-13 21:30:00,1000.4,1.3,76,0.5
2015-07-13 21:40:00,1000.6,1.0,63,0.5
2015-07-13 22:00:00,1000.8,2.0,44,0.4
2015-07-13 22:10:00,1000.7,2.8,37,0.4
2015-07-13 22:20:00,1000.8,1.8,43,0.4
2015-07-13 22:30:00,1000.9,1.5,38,0.4
2015-07-13 22:40:00,1000.9,1.3,37,0.4
2015-07-13 22:50:00,1000.9,1.8,15,0.4
2015-07-13 23:00:00,1000.9,1.5,21,0.4
2015-07-13 23:10:00,1000.9,1.3,37,0.4
2015-07-13 23:20:00,1000.9,1.4,314,0.4
2015-07-13 23:30:00,1001.0,2.5,248,0.5
2015-07-13 23:40:00,1000.9,2.3,245,0.5
2015-07-13 23:50:00,1000.9,1.4,264,0.5
2015-07-14 00:00:00,1001.0,1.3,153,0.4
2018-08-22 08:00:00,1006.6,4.9,76,0.5
2018-08-22 08:10:00,1006.6,4.4,72,0.5
2018-08-22 08:20:00,1006.6,4.9,77,0.5
2018-08-22 08:30:00,1006.6,4.7,46,0.5
2018-08-22 08:40:00,1006.8,4.8,89,0.5
2018-08-22 08:50:00,1006.8,5.2,74,0.5
2018-08-22 09:00:00,1006.8,5.2,74,0.6
2018-08-22 09:10:00,1006.9,5.2,77,0.6
2018-08-22 09:20:00,1007.0,5.3,53,0.6
2018-08-22 09:30:00,1007.1,5.5,39,0.5
2018-08-22 09:40:00,1007.1,5.7,52,0.5
2018-08-22 09:50:00,1007.1,5.9,35,0.5
2018-08-22 10:00:00,1007.2,5.5,57,0.5
2018-08-22 10:10:00,1007.2,5.6,34,0.5
2018-08-22 10:20:00,1007.2,5.2,34,0.5
2018-08-22 10:30:00,1007.3,5.2,38,0.5
2018-08-22 10:40:00,1007.3,5.9,58,0.5
2018-08-22 10:50:00,1007.2,5.8,25,0.5
2018-08-22 11:00:00,1007.2,5.8,60,0.5
2018-08-22 11:10:00,1007.1,5.8,57,0.5
2018-08-22 11:20:00,1007.2,5.4,59,0.5
2018-08-22 11:30:00,1007.1,5.4,67,0.6
2018-08-22 11:40:00,1007.1,5.3,68,0.6
2018-08-22 11:50:00,1007.0,5.5,58,0.6
2018-08-22 12:00:00,1007.1,5.5,48,0.7
2018-08-22 12:10:00,1007.2,5.1,78,0.7
2018-08-22 12:20:00,1007.1,5.4,70,0.7
2018-08-22 12:30:00,1007.2,5.7,62,0.7
2018-08-22 12:40:00,1007.3,5.5,59,0.7
2018-08-22 12:50:00,1007.3,5.9,56,0.7
2018-08-22 13:00:00,1007.3,7.2,81,0.7
2018-08-22 13:10:00,1007.4,7.3,89,0.7
2018-08-22 13:20:00,1007.4,8.0,75,0.7
2018-08-22 13:30:00,1007.3,8.4,75,0.8
2018-08-22 13:40:00,1007.2,7.6,67,0.8
2018-08-22 13:50:00,1007.0,7.5,38,0.8
2018-08-22 14:00:00,1006.8,7.7,65,0.9
2018-08-22 14:10:00,1006.8,7.8,50,0.9
2018-08-22 14:20:00,1006.8,8.2,43,0.9
2018-08-22 14:30:00,1006.7,8.1,59,0.9
2018-08-22 14:40:00,1006.7,8.5,52,0.9
2018-08-22 14:50:00,1006.6,8.4,68,0.9
2018-08-22 15:00:00,1006.6,8.5,74,1.1
2018-08-22 15:10:00,1006.3,8.2,56,1.1
2018-08-22 15:20:00,1006.1,8.6,49,1.1
2018-08-22 15:30:00,1005.9,8.6,58,1.1
2018-08-22 15:40:00,1005.8,9.8,33,1.1
2018-08-22 15:50:00,1005.8,9.4,74,1.1
2018-08-22 16:00:00,1005.7,8.8,56,1.1
2018-08-22 16:10:00,1005.8,8.7,27,1.1
2018-08-22 16:20:00,1005.9,9.0,78,1.1
2018-08-22 16:30:00,1005.8,8.7,59,1.1
2018-08-22 16:40:00,1005.8,9.1,42,1.1
2018-08-22 16:50:00,1006.0,9.7,96,1.1
2018-08-22 17:00:00,1005.7,9.0,46,1.1
2018-08-22 17:10:00,1005.8,8.9,60,1.1
2018-08-22 17:20:00,1005.6,9.6,76,1.1
2018-08-22 17:30:00,1005.5,9.6,104,1.2
2018-08-22 17:40:00,1005.5,9.8,57,1.2
2018-08-22 17:50:00,1005.3,9.5,97,1.2
2018-08-22 18:00:00,1005.3,9.3,42,1.2
2018-08-22 18:10:00,1005.3,9.3,73,1.2
2018-08-22 18:20:00,1005.3,9.2,50,1.2
2018-08-22 18:30:00,1005.2,9.2,63,1.5
2018-08-22 18:40:00,1005.1,9.0,62,1.5
2018-08-22 18:50:00,1005.0,9.1,82,1.5
2018-08-22 19:00:00,1004.8,9.2,66,1.4
2018-08-22 19:10:00,1004.9,8.9,26,1.4
2018-08-22 19:20:00,1004.7,8.9,34,1.4
2018-08-22 19:30:00,1004.7,9.2,38,1.3
2018-08-22 19:40:00,1004.8,9.7,43,1.3
2018-08-22 19:50:00,1004.8,9.9,49,1.3
2018-08-22 20:00:00,1004.8,9.3,53,1.5
2018-08-22 20:10:00,1004.7,9.8,66,1.5
2018-08-22 20:20:00,1004.5,9.7,50,1.5
2018-08-22 20:30:00,1004.3,9.6,42,1.6
2018-08-22 20:40:00,1004.3,9.8,79,1.6
2018-08-22 20:50:00,1004.2,9.7,50,1.6
2018-08-22 21:00:00,1004.2,9.5,58,1.4
2018-08-22 21:10:00,1004.1,9.9,34,1.4
2018-08-22 21:20:00,1004.2,10.1,61,1.4
2018-08-22 21:30:00,1004.2,10.4,22,1.6
2018-08-22 21:40:00,1004.3,10.8,12,1.6
2018-08-22 21:50:00,1004.2,10.5,42,1.6
2018-08-22 22:00:00,1004.2,10.3,30,1.8
2018-08-22 22:10:00,1003.9,10.8,59,1.8
2018-08-22 22:20:00,1003.9,10.8,57,1.8
2018-08-22 22:30:00,1003.8,10.7,53,1.5
2018-08-22 22:40:00,1003.9,10.9,45,1.5
2018-08-22 22:50:00,1004.0,10.4,46,1.5
2018-08-22 23:00:00,1004.1,10.6,32,1.7
2018-08-22 23:10:00,1004.1,11.0,28,1.7
2018-08-22 23:20:00,1004.3,11.1,68,1.7
2018-08-22 23:30:00,1004.3,11.1,38,1.7
2018-08-22 23:40:00,1004.3,10.5,32,1.7
2018-08-22 23:50:00,1004.2,11.6,38,1.7
2018-08-23 00:00:00,1004.1,10.6,52,1.7
2018-08-23 00:10:00,1004.0,11.1,51,1.7
2018-08-23 00:20:00,1004.1,11.4,58,1.7
2018-08-23 00:30:00,1003.8,10.5,84,2.0
2018-08-23 00:40:00,1003.9,11.4,64,2.0
2018-08-23 00:50:00,1003.7,11.8,48,2.0
2018-08-23 01:00:00,1003.4,12.3,72,2.0
2018-08-23 01:10:00,1003.3,11.4,49,2.0
2018-08-23 01:20:00,1003.1,11.4,73,2.0
2018-08-23 01:30:00,1003.2,11.6,56,2.1
2018-08-23 01:40:00,1003.2,12.7,96,2.1
2018-08-23 01:50:00,1003.1,12.2,66,2.1
2018-08-23 02:00:00,1003.0,12.5,61,2.6
2018-08-23 02:10:00,1002.9,12.3,72,2.6
2018-08-23 02:20:00,1003.1,12.3,74,2.6
2018-08-23 02:30:00,1002.7,13.0,51,2.7
2018-08-23 02:40:00,1002.5,12.6,47,2.7
2018-08-23 02:50:00,1002.1,12.2,100,2.7
2018-08-23 03:00:00,1002.2,13.9,92,2.7
2018-08-23 03:10:00,1002.1,12.8,53,2.7
2018-08-23 03:20:00,1001.8,13.0,45,2.7
2018-08-23 03:30:00,1001.7,12.7,68,2.8
2018-08-23 03:40:00,1001.4,12.9,81,2.8
2018-08-23 03:50:00,1001.4,12.5,60,2.8
2018-08-23 04:00:00,1001.1,14.4,44,2.6
2018-08-23 04:10:00,1000.9,13.0,75,2.6
2018-08-23 04:20:00,1000.9,12.4,47,2.6
2018-08-23 04:30:00,1000.8,13.3,59,2.8
2018-08-23 04:40:00,1000.5,14.1,83,2.8
2018-08-23 04:50:00,1000.5,13.5,60,2.8
2018-08-23 05:00:00,1000.4,13.9,72,2.8
2018-08-23 05:10:00,1000.1,13.1,70,2.8
2018-08-23 05:20:00,999.8,13.3,50,2.8
2018-08-23 05:30:00,999.9,14.0,75,2.8
2018-08-23 05:40:00,1000.0,14.8,84,2.8
2018-08-23 05:50:00,999.6,14.1,64,2.8
2018-08-23 06:00:00,999.7,14.5,96,3.0
2018-08-23 06:10:00,999.4,15.3,93,3.0
2018-08-23 06:20:00,999.5,13.8,80,3.0
2018-08-23 06:30:00,999.5,14.6,96,3.1
2018-08-23 06:40:00,999.3,14.5,77,3.1
2018-08-23 06:50:00,998.9,14.4,56,3.1
2018-08-23 07:00:00,998.8,16.5,94,3.2
2018-08-23 07:10:00,998.8,15.9,84,3.2
2018-08-23 07:20:00,999.2,15.9,93,3.2
2018-08-23 07:30:00,998.7,15.0,105,3.4
2018-08-23 07:40:00,999.2,15.6,82,3.4
2018-08-23 07:50:00,998.8,14.9,94,3.4
2018-08-23 08:00:00,999.1,16.4,102,3.5
2018-08-23 08:10:00,998.8,16.5,77,3.5
2018-08-23 08:20:00,998.6,16.0,102,3.5
2018-08-23 08:30:00,998.5,17.7,80,3.4
2018-08-23 08:40:00,998.7,16.5,97,3.4
2018-08-23 08:50:00,998.6,16.9,90,3.4
2018-08-23 09:00:00,998.6,16.4,87,3.6
2018-08-23 09:10:00,998.6,16.6,91,3.6
2018-08-23 09:20:00,998.1,16.2,65,3.6
2018-08-23 09:30:00,998.4,16.5,91,3.5
2018-08-23 09:40:00,998.0,17.9,94,3.5
2018-08-23 09:50:00,997.9,16.8,95,3.5
2018-08-23 10:00:00,997.9,16.4,106,3.6
2018-08-23 10:10:00,998.7,17.3,96,3.6
2018-08-23 10:20:00,998.5,16.7,97,3.6
2018-08-23 10:30:00,998.6,17.4,118,3.8
2018-08-23 10:40:00,998.3,16.4,106,3.8
2018-08-23 10:50:00,998.4,16.7,108,3.8
2018-08-23 11:00:00,997.7,16.8,93,3.9
2018-08-23 11:10:00,998.0,16.1,93,3.9
2018-08-23 11:20:00,997.8,16.1,102,3.9
2018-08-23 11:30:00,997.7,17.1,109,3.4
2018-08-23 11:40:00,997.4,16.7,75,3.4
2018-08-23 11:50:00,997.7,17.7,100,3.4
2018-08-23 12:00:00,997.7,18.0,121,3.7
2018-08-23 12:10:00,997.7,17.3,96,3.7
2018-08-23 12:20:00,997.0,16.0,104,3.7
2018-08-23 12:30:00,997.1,17.8,82,3.7
2018-08-23 12:40:00,997.5,16.8,92,3.7
2018-08-23 12:50:00,997.4,17.5,110,3.7
2018-08-23 13:00:00,997.3,17.5,109,3.7
2018-08-23 13:10:00,997.8,17.8,136,3.7
2018-08-23 13:20:00,997.0,17.8,95,3.7
2018-08-23 13:30:00,996.9,18.9,94,3.7
2018-08-23 13:40:00,996.6,17.3,76,3.7
2018-08-23 13:50:00,997.1,17.8,81,3.7
2018-08-23 14:00:00,996.7,19.1,88,3.8
2018-08-23 14:10:00,995.6,19.5,98,3.8
2018-08-23 14:20:00,995.9,19.7,117,3.8
2018-08-23 14:30:00,995.7,19.4,65,4.0
2018-08-23 14:40:00,995.2,19.4,90,4.0
2018-08-23 14:50:00,995.4,21.8,110,4.0
2018-08-23 15:00:00,995.5,19.6,55,4.5
2018-08-23 15:10:00,995.6,20.4,102,4.5
2018-08-23 15:20:00,994.9,18.7,137,4.5
2018-08-23 15:30:00,994.0,20.2,98,4.2
2018-08-23 15:40:00,994.6,21.5,125,4.2
2018-08-23 15:50:00,994.6,18.0,139,4.2
2018-08-23 16:00:00,995.0,18.7,114,4.2
2018-08-23 16:10:00,994.7,19.0,165,4.2
2018-08-23 16:20:00,994.5,18.1,152,4.2
2018-08-23 16:30:00,995.1,17.4,163,5.0
2018-08-23 16:40:00,994.9,17.5,132,5.0
2018-08-23 16:50:00,995.0,18.2,127,5.0
2018-08-23 17:00:00,995.1,18.0,153,4.0
2018-08-23 17:10:00,995.2,18.8,131,4.0
2018-08-23 17:20:00,995.0,18.7,152,4.0
2018-08-23 17:30:00,995.1,18.1,148,4.4
2018-08-23 17:40:00,994.9,18.4,153,4.4
2018-08-23 17:50:00,994.9,16.9,122,4.4
2018-08-23 18:00:00,995.3,16.6,145,4.4
2018-08-23 18:10:00,995.4,17.4,160,4.4
2018-08-23 18:20:00,995.6,18.8,145,4.4
2018-08-23 18:30:00,995.3,16.9,146,4.3
2018-08-23 18:40:00,995.2,16.6,118,4.3
2018-08-23 18:50:00,995.7,17.0,198,4.3
2018-08-23 19:00:00,996.2,16.1,165,4.2
2018-08-23 19:10:00,996.6,16.3,138,4.2
2018-08-23 19:20:00,996.8,15.6,163,4.2
2018-08-23 19:30:00,996.8,15.1,161,3.7
2018-08-23 19:40:00,996.9,16.0,160,3.7
2018-08-23 19:50:00,996.9,16.7,159,3.7
2018-08-23 20:00:00,996.9,17.5,181,3.8
2018-08-23 20:10:00,996.6,15.8,173,3.8
2018-08-23 20:20:00,997.7,15.0,152,3.8
2018-08-23 20:30:00,997.5,14.5,172,3.7
2018-08-23 20:40:00,997.4,13.9,139,3.7
2018-08-23 20:50:00,997.9,14.5,148,3.7
2018-08-23 21:00:00,998.3,13.5,156,3.4
2018-08-23 21:10:00,998.6,13.0,148,3.4
2018-08-23 21:20:00,998.6,11.1,163,3.4
2018-08-23 21:30:00,998.9,11.1,173,2.9
2018-08-23 21:40:00,998.8,10.9,181,2.9
2018-08-23 21:50:00,999.2,12.2,172,2.9
2018-08-23 22:00:00,999.2,10.9,150,2.7
2018-08-23 22:10:00,999.7,11.7,119,2.7
2018-08-23 22:20:00,999.7,11.0,140,2.7
2018-08-23 22:30:00,999.8,10.6,143,2.6
2018-08-23 22:40:00,999.7,12.1,121,2.6
2018-08-23 22:50:00,999.9,10.9,164,2.6
2018-08-23 23:00:00,1000.1,10.4,124,2.4
2018-08-23 23:10:00,1000.1,10.9,159,2.4
2018-08-23 23:20:00,1000.1,11.8,150,2.4
2018-08-23 23:30:00,1000.4,11.4,151,2.3
2018-08-23 23:40:00,1000.5,12.0,130,2.3
2018-08-23 23:50:00,1000.4,12.6,108,2.3
2018-08-24 00:00:00,1000.7,12.3,163,2.2
2018-08-24 00:10:00,1000.9,12.4,162,2.2
2018-08-24 00:20:00,1000.7,13.1,155,2.2
2018-08-24 00:30:00,1001.0,13.7,181,2.0
2018-08-24 00:40:00,1001.6,14.1,148,2.0
2018-08-24 00:50:00,1001.3,14.1,161,2.0
2018-08-24 01:00:00,1001.0,13.7,166,2.5
2018-08-24 01:10:00,1001.1,13.3,181,2.5
2018-08-24 01:20:00,1001.2,14.1,173,2.5
2018-08-24 01:30:00,1001.1,12.6,159,2.8
2018-08-24 01:40:00,1001.3,12.6,163,2.8
2018-08-24 01:50:00,1001.2,11.9,154,2.8
2018-08-24 02:00:00,1001.2,13.7,162,3.2
2018-08-24 02:10:00,1001.3,12.9,170,3.2
2018-08-24 02:20:00,1001.1,12.1,146,3.2
2018-08-24 02:30:00,1000.9,12.4,165,2.5
2018-08-24 02:40:00,1001.1,11.7,157,2.5
2018-08-24 02:50:00,1001.1,12.0,150,2.5
2018-08-24 03:00:00,1001.0,11.5,150,2.4
2018-08-24 03:10:00,1001.0,12.4,164,2.4
2018-08-24 03:20:00,1000.9,13.3,131,2.4
2018-08-24 03:30:00,1001.0,13.2,190,3.0
2018-08-24 03:40:00,1001.0,12.9,169,3.0
2018-08-24 03:50:00,1001.1,12.7,152,3.0
2018-08-24 04:00:00,1000.9,13.4,148,3.0
2018-08-24 04:10:00,1000.8,13.3,147,3.0
2018-08-24 04:20:00,1001.0,12.2,178,3.0
2018-08-24 04:30:00,1001.1,12.0,158,3.0
2018-08-24 04:40:00,1001.2,12.2,147,3.0
2018-08-24 04:50:00,1001.3,12.3,156,3.0
2018-08-24 05:00:00,1001.3,12.0,166,2.8
2018-08-24 05:10:00,1001.2,11.3,170,2.8
2018-08-24 05:20:00,1001.3,11.3,155,2.8
2018-08-24 05:30:00,1001.3,11.4,185,2.5
2018-08-24 05:40:00,1001.3,11.0,197,2.5
2018-08-24 05:50:00,1001.3,10.7,156,2.5
2018-08-24 06:00:00,1001.2,11.3,169,2.5
2018-08-24 06:10:00,1001.3,10.6,170,2.5
2018-08-24 06:20:00,1001.3,10.7,177,2.5
2018-08-24 06:30:00,1001.4,11.5,176,2.7
2018-08-24 06:40:00,1001.3,11.2,146,2.7
2018-08-24 06:50:00,1001.2,10.6,182,2.7
2018-08-24 07:00:00,1001.3,10.4,133,2.4
2018-08-24 07:10:00,1001.5,9.9,139,2.4
2018-08-24 07:20:00,1001.2,10.5,175,2.4
2018-08-24 07:30:00,1001.3,10.7,156,2.3
2018-08-24 07:40:00,1001.6,10.2,172,2.3
2018-08-24 07:50:00,1001.5,9.8,155,2.3
2018-08-24 08:00:00,1001.6,10.1,157,2.3
2018-08-24 08:10:00,1001.7,9.7,152,2.3
2018-08-24 08:20:00,1001.8,8.5,159,2.3
2018-08-24 08:30:00,1001.9,8.5,136,2.2
2018-08-24 08:40:00,1001.9,8.6,141,2.2
2018-08-24 08:50:00,1001.8,8.2,164,2.2
2018-08-24 09:00:00,1002.0,7.9,170,2.2
2018-08-24 09:10:00,1002.0,8.4,144,2.2
2018-08-24 09:20:00,1002.1,9.1,153,2.2
2018-08-24 09:30:00,1002.3,6.9,155,2.0
2018-08-24 09:40:00,1002.4,7.1,172,2.0
2018-08-24 09:50:00,1002.5,7.5,165,2.0
2018-08-24 10:00:00,1002.6,7.4,152,1.9
2018-08-24 10:10:00,1002.6,7.1,164,1.9
2018-08-24 10:20:00,1002.7,7.1,158,1.9
2018-08-24 10:30:00,1002.7,7.5,158,1.7
2018-08-24 10:40:00,1002.6,7.2,167,1.7
2018-08-24 10:50:00,1002.7,7.3,174,1.7
2018-08-24 11:00:00,1002.6,7.4,177,2.0
2018-08-24 11:10:00,1002.7,7.7,145,2.0
2018-08-24 11:20:00,1002.6,7.5,159,2.0
2018-08-24 11:30:00,1002.6,7.4,156,1.7
2018-08-24 11:40:00,1002.6,7.4,161,1.7
2018-08-24 11:50:00,1002.5,7.1,177,1.7
2018-08-24 12:00:00,1002.6,6.7,176,1.6
2018-08-24 12:10:00,1002.6,7.0,172,1.6
2018-08-24 12:20:00,1002.6,6.8,165,1.6
2018-08-24 12:30:00,1002.6,6.5,174,1.6
2018-08-24 12:40:00,1002.7,5.9,176,1.6
2018-08-24 12:50:00,1002.7,5.4,183,1.6
2018-08-24 13:00:00,1002.7,5.7,166,1.2
2018-08-24 13:10:00,1002.6,5.5,168,1.2
2018-08-24 13:20:00,1002.5,6.6,171,1.2
2018-08-24 13:30:00,1002.5,6.3,196,1.2
2018-08-24 13:40:00,1002.4,6.2,159,1.2
2018-08-24 13:50:00,1002.3,6.0,126,1.2
2018-08-24 14:00:00,1002.4,6.2,168,1.1
2018-08-24 14:10:00,1002.4,6.3,162,1.1
2018-08-24 14:20:00,1002.4,6.1,163,1.1
2018-08-24 14:30:00,1002.3,6.5,142,1.3
2018-08-24 14:40:00,1002.4,6.6,145,1.3
2018-08-24 14:50:00,1002.4,5.9,162,1.3
2018-08-24 15:00:00,1002.3,6.0,165,1.2
2018-08-24 15:10:00,1002.2,5.7,139,1.2
2018-08-24 15:20:00,1002.2,5.7,159,1.2
2018-08-24 15:30:00,1002.0,6.2,150,1.1
2018-08-24 15:40:00,1001.9,6.8,160,1.1
2018-08-24 15:50:00,1001.9,6.4,149,1.1
2018-08-24 16:00:00,1001.8,6.1,126,1.2
2018-08-24 16:10:00,1001.7,6.1,137,1.2
2018-08-24 16:20:00,1001.6,6.2,138,1.2
2018-08-24 16:30:00,1001.5,6.5,122,1.3
2018-08-24 16:40:00,1001.5,6.3,119,1.3
2018-08-24 16:50:00,1001.3,6.4,131,1.3
2018-08-24 17:00:00,1001.3,6.4,142,1.4
2018-08-24 17:10:00,1001.2,5.7,144,1.4
2018-08-24 17:20:00,1001.2,5.7,139,1.4
2018-08-24 17:30:00,1001.1,6.0,152,1.2
2018-08-24 17:40:00,1001.1,5.5,160,1.2
2018-08-24 17:50:00,1001.0,5.3,128,1.2
2018-08-24 18:00:00,1000.9,5.3,131,1.2
2018-08-24 18:10:00,1000.9,5.9,116,1.2
2018-08-24 18:20:00,1000.9,5.8,141,1.2
2018-08-24 18:30:00,1000.8,5.8,147,1.3
2018-08-24 18:40:00,1000.8,5.5,144,1.3
2018-08-24 18:50:00,1000.8,5.7,152,1.3
2018-08-24 19:00:00,1000.8,6.0,151,1.1
2018-08-24 19:10:00,1000.7,5.8,145,1.1
2018-08-24 19:20:00,1000.7,5.7,140,1.1
2018-08-24 19:30:00,1000.7,5.4,134,1.1
2018-08-24 19:40:00,1000.6,5.1,136,1.1
2018-08-24 19:50:00,1000.6,4.6,147,1.1
2018-08-24 20:00:00,1000.6,4.4,135,1.1
2018-08-24 20:10:00,1000.5,4.5,138,1.1
2018-08-24 20:20:00,1000.6,4.1,126,1.1
2018-08-24 20:30:00,1000.6,3.7,118,1.0
2018-08-24 20:40:00,1000.7,3.8,143,1.0
2018-08-24 20:50:00,1000.8,3.8,136,1.0
2018-08-24 21:00:00,1000.9,3.8,99,0.9
2018-08-24 21:10:00,1000.9,3.5,118,0.9
2018-08-24 21:20:00,1000.8,3.2,113,0.9
2018-08-24 21:30:00,1001.0,2.7,121,0.8
2018-08-24 21:40:00,1001.2,2.5,104,0.8
2018-08-24 21:50:00,1001.2,2.4,128,0.8
2018-08-24 22:00:00,1001.3,3.0,135,0.9
2018-08-24 22:10:00,1001.4,3.0,128,0.9
2018-08-24 22:20:00,1001.4,3.2,154,0.9
2018-08-24 22:30:00,1001.5,2.4,138,0.8
2018-08-24 22:40:00,1001.9,2.4,156,0.8
2018-08-24 22:50:00,1001.8,2.9,143,0.8
2018-08-24 23:00:00,1002.0,2.8,144,1.0
2018-08-24 23:10:00,1002.0,2.9,151,1.0
2018-08-24 23:20:00,1002.2,3.2,161,1.0
2018-08-24 23:30:00,1002.4,2.7,145,0.8
2018-08-24 23:40:00,1002.5,2.8,140,0.8
2018-08-24 23:50:00,1002.5,2.1,172,0.8
2018-08-25 00:00:00,1002.5,1.9,122,1.0
2018-08-25 00:10:00,1002.6,1.8,133,1.0
2018-08-25 00:20:00,1002.6,2.0,137,1.0
2018-08-25 00:30:00,1002.7,1.7,132,0.7
2018-08-25 00:40:00,1002.8,1.7,110,0.7
2018-08-25 00:50:00,1003.0,1.6,112,0.7
2018-08-25 01:00:00,1003.0,1.2,66,0.8
2018-08-25 01:10:00,1002.9,1.6,61,0.8
2018-08-25 01:20:00,1003.0,1.9,22,0.8
2018-08-25 01:30:00,1003.0,2.2,25,0.8
2018-08-25 01:40:00,1003.0,2.1,55,0.8
2018-08-25 01:50:00,1003.0,1.7,57,0.8
2018-08-25 02:00:00,1003.0,1.7,56,0.7
2018-08-22 08:00:00,1005.1,12.2,310,2.7
2018-08-22 08:10:00,1005.3,12.4,298,2.7
2018-08-22 08:20:00,1005.2,13.2,299,2.7
2018-08-22 08:30:00,1005.2,12.6,316,2.9
2018-08-22 08:40:00,1005.1,11.9,290,2.9
2018-08-22 08:50:00,1005.3,11.7,287,2.9
2018-08-22 09:00:00,1005.5,11.4,329,3.2
2018-08-22 09:10:00,1005.5,11.1,298,3.2
2018-08-22 09:20:00,1005.8,11.1,10,3.2
2018-08-22 09:30:00,1005.7,11.4,47,2.7
2018-08-22 09:40:00,1005.7,12.3,1,2.7
2018-08-22 09:50:00,1005.9,11.9,138,2.7
2018-08-22 10:00:00,1005.9,11.6,20,3.0
2018-08-22 10:10:00,1005.6,11.7,118,3.0
2018-08-22 10:20:00,1005.5,12.6,53,3.0
2018-08-22 10:30:00,1005.5,12.2,46,2.9
2018-08-22 10:40:00,1005.9,11.5,123,2.9
2018-08-22 10:50:00,1006.0,11.3,41,2.9
2018-08-22 11:00:00,1006.0,11.3,63,2.7
2018-08-22 11:10:00,1006.2,11.1,126,2.7
2018-08-22 11:20:00,1006.0,12.0,122,2.7
2018-08-22 11:30:00,1006.0,10.9,130,2.8
2018-08-22 11:40:00,1006.0,11.2,66,2.8
2018-08-22 11:50:00,1006.1,10.7,84,2.8
2018-08-22 12:00:00,1006.0,10.7,95,2.9
2018-08-22 12:10:00,1005.9,11.0,89,2.9
2018-08-22 12:20:00,1005.9,10.8,118,2.9
2018-08-22 12:30:00,1005.7,11.7,123,2.8
2018-08-22 12:40:00,1005.8,11.2,122,2.8
2018-08-22 12:50:00,1005.8,9.8,42,2.8
2018-08-22 13:00:00,1006.1,9.3,38,2.9
2018-08-22 13:10:00,1006.1,8.8,113,2.9
2018-08-22 13:20:00,1006.2,8.4,82,2.9
2018-08-22 13:30:00,1006.1,9.5,95,2.7
2018-08-22 13:40:00,1006.1,8.9,92,2.7
2018-08-22 13:50:00,1006.0,9.0,55,2.7
2018-08-22 14:00:00,1006.1,8.9,5,2.5
2018-08-22 14:10:00,1006.0,8.3,340,2.5
2018-08-22 14:20:00,1005.9,9.0,37,2.5
2018-08-22 14:30:00,1005.8,8.7,119,2.6
2018-08-22 14:40:00,1005.7,8.7,20,2.6
2018-08-22 14:50:00,1005.7,9.5,243,2.6
2018-08-22 15:00:00,1005.7,8.8,307,2.5
2018-08-22 15:10:00,1005.7,9.2,339,2.5
2018-08-22 15:20:00,1005.6,9.0,138,2.5
2018-08-22 15:30:00,1005.5,9.2,333,2.5
2018-08-22 15:40:00,1005.4,9.9,280,2.5
2018-08-22 15:50:00,1005.4,9.3,306,2.5
2018-08-22 16:00:00,1005.4,9.3,255,2.3
2018-08-22 16:10:00,1005.5,10.0,298,2.3
2018-08-22 16:20:00,1005.4,9.4,308,2.3
2018-08-22 16:30:00,1005.3,10.4,290,2.4
2018-08-22 16:40:00,1005.2,9.3,294,2.4
2018-08-22 16:50:00,1005.3,10.0,283,2.4
2018-08-22 17:00:00,1005.3,10.7,299,2.4
2018-08-22 17:10:00,1005.3,10.1,298,2.4
2018-08-22 17:20:00,1005.2,9.6,327,2.4
2018-08-22 17:30:00,1005.2,9.5,328,2.5
2018-08-22 17:40:00,1005.3,9.8,297,2.5
2018-08-22 17:50:00,1005.4,9.6,287,2.5
2018-08-22 18:00:00,1005.4,9.4,287,2.2
2018-08-22 18:10:00,1005.4,9.6,300,2.2
2018-08-22 18:20:00,1005.7,9.5,282,2.2
2018-08-22 18:30:00,1005.7,9.9,289,2.0
2018-08-22 18:40:00,1005.7,10.2,300,2.0
2018-08-22 18:50:00,1005.4,10.5,311,2.0
2018-08-22 19:00:00,1005.5,10.4,298,2.1
2018-08-22 19:10:00,1005.6,10.3,284,2.1
2018-08-22 19:20:00,1005.5,10.3,323,2.1
2018-08-22 19:30:00,1005.8,10.4,262,2.0
2018-08-22 19:40:00,1005.8,11.7,304,2.0
2018-08-22 19:50:00,1005.4,12.0,300,2.0
2018-08-22 20:00:00,1005.6,12.4,301,2.1
2018-08-22 20:10:00,1005.4,10.9,355,2.1
2018-08-22 20:20:00,1005.7,10.5,279,2.1
2018-08-22 20:30:00,1005.6,11.3,310,2.1
2018-08-22 20:40:00,1005.3,12.0,305,2.1
2018-08-22 20:50:00,1005.4,11.8,317,2.1
2018-08-22 21:00:00,1005.3,11.8,310,2.5
2018-08-22 21:10:00,1005.3,11.2,27,2.5
2018-08-22 21:20:00,1005.0,12.8,43,2.5
2018-08-22 21:30:00,1005.1,12.2,277,2.3
2018-08-22 21:40:00,1005.1,11.8,318,2.3
2018-08-22 21:50:00,1005.1,13.0,42,2.3
2018-08-22 22:00:00,1005.2,12.8,112,2.5
2018-08-22 22:10:00,1004.9,12.4,24,2.5
2018-08-22 22:20:00,1005.0,13.3,38,2.5
2018-08-22 22:30:00,1004.9,12.6,38,2.6
2018-08-22 22:40:00,1004.4,12.5,58,2.6
2018-08-22 22:50:00,1004.2,13.3,110,2.6
2018-08-22 23:00:00,1004.8,14.0,86,2.8
2018-08-22 23:10:00,1004.5,13.9,42,2.8
2018-08-22 23:20:00,1004.3,13.6,31,2.8
2018-08-22 23:30:00,1004.5,14.1,54,3.0
2018-08-22 23:40:00,1004.2,15.2,111,3.0
2018-08-22 23:50:00,1004.0,14.4,36,3.0
2018-08-23 00:00:00,1004.1,14.0,39,2.7
2018-08-23 00:10:00,1004.2,14.3,111,2.7
2018-08-23 00:20:00,1004.0,13.6,341,2.7
2018-08-23 00:30:00,1003.9,13.6,39,2.7
2018-08-23 00:40:00,1003.9,14.6,116,2.7
2018-08-23 00:50:00,1004.0,14.9,86,2.7
2018-08-23 01:00:00,1004.0,13.4,39,3.4
2018-08-23 01:10:00,1003.6,15.1,97,3.4
2018-08-23 01:20:00,1003.6,14.8,118,3.4
2018-08-23 01:30:00,1003.7,13.5,106,3.2
2018-08-23 01:40:00,1003.5,14.1,206,3.2
2018-08-23 01:50:00,1003.4,13.1,134,3.2
2018-08-23 02:00:00,1003.5,13.2,271,3.0
2018-08-23 02:10:00,1003.3,13.8,129,3.0
2018-08-23 02:20:00,1003.3,13.8,58,3.0
2018-08-23 02:30:00,1002.9,14.2,296,3.0
2018-08-23 02:40:00,1003.3,12.9,309,3.0
2018-08-23 02:50:00,1003.3,13.3,30,3.0
2018-08-23 03:00:00,1003.5,13.7,301,2.8
2018-08-23 03:10:00,1003.4,13.6,294,2.8
2018-08-23 03:20:00,1003.2,13.5,311,2.8
2018-08-23 03:30:00,1003.1,12.9,7,3.1
2018-08-23 03:40:00,1002.9,14.2,286,3.1
2018-08-23 03:50:00,1002.6,12.7,291,3.1
2018-08-23 04:00:00,1002.9,12.5,333,3.0
2018-08-23 04:10:00,1002.9,12.5,348,3.0
2018-08-23 04:20:00,1002.6,13.8,314,3.0
2018-08-23 04:30:00,1002.7,12.5,14,3.1
2018-08-23 04:40:00,1002.6,12.9,309,3.1
2018-08-23 04:50:00,1002.3,13.5,302,3.1
2018-08-23 05:00:00,1002.4,13.8,15,2.8
2018-08-23 05:10:00,1002.4,13.2,287,2.8
2018-08-23 05:20:00,1002.4,13.3,300,2.8
2018-08-23 05:30:00,1001.7,14.0,308,2.9
2018-08-23 05:40:00,1001.4,13.8,327,2.9
2018-08-23 05:50:00,1001.6,13.8,309,2.9
2018-08-23 06:00:00,1001.6,13.2,332,2.8
2018-08-23 06:10:00,1001.7,13.7,309,2.8
2018-08-23 06:20:00,1001.3,13.6,309,2.8
2018-08-23 06:30:00,1001.5,13.4,311,3.2
2018-08-23 06:40:00,1001.2,13.5,321,3.2
2018-08-23 06:50:00,1001.1,14.2,282,3.2
2018-08-23 07:00:00,1001.0,14.6,294,3.2
2018-08-23 07:10:00,1000.7,14.6,297,3.2
2018-08-23 07:20:00,1001.1,14.0,286,3.2
2018-08-23 07:30:00,1001.1,14.2,294,3.2
2018-08-23 07:40:00,1001.1,14.3,297,3.2
2018-08-23 07:50:00,1001.0,14.5,296,3.2
2018-08-23 08:00:00,1000.8,14.3,304,2.8
2018-08-23 08:10:00,1000.9,15.0,293,2.8
2018-08-23 08:20:00,1000.9,14.6,294,2.8
2018-08-23 08:30:00,1000.8,15.2,286,3.2
2018-08-23 08:40:00,1001.1,13.7,308,3.2
2018-08-23 08:50:00,1000.5,15.1,309,3.2
2018-08-23 09:00:00,1000.8,14.4,295,3.2
2018-08-23 09:10:00,1001.0,13.9,333,3.2
2018-08-23 09:20:00,1001.0,14.0,308,3.2
2018-08-23 09:30:00,1000.9,14.0,304,2.8
2018-08-23 09:40:00,1000.5,13.8,0,2.8
2018-08-23 09:50:00,1000.7,14.4,15,2.8
2018-08-23 10:00:00,1000.5,14.0,297,3.0
2018-08-23 10:10:00,1000.7,13.8,312,3.0
2018-08-23 10:20:00,1000.8,14.5,15,3.0
2018-08-23 10:30:00,1000.6,14.4,332,3.3
2018-08-23 10:40:00,1000.7,14.6,91,3.3
2018-08-23 10:50:00,1001.1,13.5,18,3.3
2018-08-23 11:00:00,1001.2,15.0,102,3.1
2018-08-23 11:10:00,1001.0,14.8,24,3.1
2018-08-23 11:20:00,1001.3,13.9,5,3.1
2018-08-23 11:30:00,1000.7,14.4,73,3.2
2018-08-23 11:40:00,1000.4,16.0,35,3.2
2018-08-23 11:50:00,1000.2,15.0,29,3.2
2018-08-23 12:00:00,1000.6,16.7,31,3.5
2018-08-23 12:10:00,1000.5,15.0,14,3.5
2018-08-23 12:20:00,1000.0,15.4,33,3.5
2018-08-23 12:30:00,999.8,15.8,127,3.9
2018-08-23 12:40:00,999.9,16.8,36,3.9
2018-08-23 12:50:00,999.7,16.9,56,3.9
2018-08-23 13:00:00,999.9,14.6,33,3.0
2018-08-23 13:10:00,1000.1,16.7,6,3.0
2018-08-23 13:20:00,1000.1,13.7,24,3.0
2018-08-23 13:30:00,999.7,14.1,282,3.4
2018-08-23 13:40:00,999.6,14.0,37,3.4
2018-08-23 13:50:00,1000.0,15.1,24,3.4
2018-08-23 14:00:00,1000.1,15.5,61,3.5
2018-08-23 14:10:00,999.8,12.3,99,3.5
2018-08-23 14:20:00,1000.1,12.4,321,3.5
2018-08-23 14:30:00,999.5,13.4,129,3.6
2018-08-23 14:40:00,999.8,12.6,48,3.6
2018-08-23 14:50:00,999.5,12.6,337,3.6
2018-08-23 15:00:00,999.6,12.3,22,3.0
2018-08-23 15:10:00,999.9,13.5,335,3.0
2018-08-23 15:20:00,999.5,10.1,47,3.0
2018-08-23 15:30:00,999.0,16.2,32,3.3
2018-08-23 15:40:00,998.9,10.7,16,3.3
2018-08-23 15:50:00,999.6,11.8,41,3.3
2018-08-23 16:00:00,999.1,11.1,49,3.0
2018-08-23 16:10:00,999.2,9.6,3,3.0
2018-08-23 16:20:00,998.6,8.4,26,3.0
2018-08-23 16:30:00,998.6,8.1,24,2.9
2018-08-23 16:40:00,998.5,8.0,41,2.9
2018-08-23 16:50:00,998.6,9.6,38,2.9
2018-08-23 17:00:00,998.5,9.6,35,2.4
2018-08-23 17:10:00,998.6,9.4,56,2.4
2018-08-23 17:20:00,998.5,10.5,17,2.4
2018-08-23 17:30:00,998.6,9.1,66,2.3
2018-08-23 17:40:00,998.5,9.0,70,2.3
2018-08-23 17:50:00,998.3,8.9,38,2.3
2018-08-23 18:00:00,998.4,8.4,30,2.2
2018-08-23 18:10:00,998.4,7.9,48,2.2
2018-08-23 18:20:00,998.5,7.2,66,2.2
2018-08-23 18:30:00,998.5,6.1,69,1.9
2018-08-23 18:40:00,998.6,6.0,58,1.9
2018-08-23 18:50:00,998.7,6.4,83,1.9
2018-08-23 19:00:00,998.8,6.1,38,1.9
2018-08-23 19:10:00,998.8,8.2,17,1.9
2018-08-23 19:20:00,998.8,6.7,40,1.9
2018-08-23 19:30:00,999.0,7.5,81,1.6
2018-08-23 19:40:00,999.0,6.8,48,1.6
2018-08-23 19:50:00,999.1,7.1,76,1.6
2018-08-23 20:00:00,999.1,7.2,85,1.5
2018-08-23 20:10:00,999.3,6.8,30,1.5
2018-08-23 20:20:00,999.2,7.2,79,1.5
2018-08-23 20:30:00,999.4,9.8,104,1.9
2018-08-23 20:40:00,999.2,11.7,85,1.9
2018-08-23 20:50:00,999.3,9.5,47,1.9
2018-08-23 21:00:00,999.3,9.7,85,1.4
2018-08-23 21:10:00,999.5,9.6,29,1.4
2018-08-23 21:20:00,999.4,8.6,27,1.4
2018-08-23 21:30:00,999.6,8.9,40,1.6
2018-08-23 21:40:00,999.7,7.9,42,1.6
2018-08-23 21:50:00,999.8,7.0,34,1.6
2018-08-23 22:00:00,999.7,6.9,98,1.3
2018-08-23 22:10:00,999.7,6.8,107,1.3
2018-08-23 22:20:00,999.9,5.7,103,1.3
2018-08-23 22:30:00,999.9,7.3,89,1.3
2018-08-23 22:40:00,1000.0,7.5,121,1.3
2018-08-23 22:50:00,999.9,7.6,60,1.3
2018-08-23 23:00:00,999.8,7.0,96,1.3
2018-08-23 23:10:00,999.9,6.1,77,1.3
2018-08-23 23:20:00,1000.1,5.9,36,1.3
2018-08-23 23:30:00,1000.0,4.7,63,1.2
2018-08-23 23:40:00,999.9,4.0,26,1.2
2018-08-23 23:50:00,999.8,4.5,40,1.2
2018-08-24 00:00:00,999.9,4.7,46,1.5
2018-08-24 00:10:00,1000.1,4.9,110,1.5
2018-08-24 00:20:00,1000.1,5.0,80,1.5
2018-08-24 00:30:00,1000.2,4.9,53,1.5
2018-08-24 00:40:00,1000.0,5.6,315,1.5
2018-08-24 00:50:00,1000.2,5.9,30,1.5
2018-08-24 01:00:00,1000.1,5.7,35,1.1
2018-08-24 01:10:00,1000.1,7.7,6,1.1
2018-08-24 01:20:00,1000.1,9.1,36,1.1
2018-08-24 01:30:00,1000.0,9.3,26,1.5
2018-08-24 01:40:00,1000.1,8.2,325,1.5
2018-08-24 01:50:00,1000.3,9.0,18,1.5
2018-08-24 02:00:00,1000.1,8.6,333,1.2
2018-08-24 02:10:00,1000.1,9.1,359,1.2
2018-08-24 02:20:00,1000.1,6.6,308,1.2
2018-08-24 02:30:00,1000.1,5.1,8,1.5
2018-08-24 02:40:00,1000.0,4.0,23,1.5
2018-08-24 02:50:00,999.9,3.0,301,1.5
2018-08-24 03:00:00,999.7,4.5,289,1.3
2018-08-24 03:10:00,999.8,5.2,300,1.3
2018-08-24 03:20:00,999.8,5.2,324,1.3
2018-08-24 03:30:00,999.9,5.6,305,1.2
2018-08-24 03:40:00,999.9,4.7,328,1.2
2018-08-24 03:50:00,999.8,4.6,41,1.2
2018-08-24 04:00:00,1000.0,6.0,29,1.4
2018-08-24 04:10:00,999.8,5.8,15,1.4
2018-08-24 04:20:00,999.7,5.6,28,1.4
2018-08-24 04:30:00,999.8,5.2,31,1.1
2018-08-24 04:40:00,999.8,6.8,99,1.1
2018-08-24 04:50:00,999.7,7.6,49,1.1
2018-08-24 05:00:00,999.7,6.6,25,1.3
2018-08-24 05:10:00,999.7,8.6,23,1.3
2018-08-24 05:20:00,999.7,8.3,24,1.3
2018-08-24 05:30:00,999.6,8.9,35,1.1
2018-08-24 05:40:00,999.6,6.6,131,1.1
2018-08-24 05:50:00,999.7,9.0,136,1.1
2018-08-24 06:00:00,999.7,8.7,125,1.1
2018-08-24 06:10:00,999.9,8.3,139,1.1
2018-08-24 06:20:00,1000.1,9.8,129,1.1
2018-08-24 06:30:00,1000.2,9.0,146,1.0
2018-08-24 06:40:00,1000.3,7.9,120,1.0
2018-08-24 06:50:00,1000.5,8.3,125,1.0
2018-08-24 07:00:00,1000.6,7.3,140,1.1
2018-08-24 07:10:00,1000.4,7.4,126,1.1
2018-08-24 07:20:00,1000.7,7.4,120,1.1
2018-08-24 07:30:00,1000.7,7.1,131,0.9
2018-08-24 07:40:00,1000.8,7.4,157,0.9
2018-08-24 07:50:00,1000.8,6.4,141,0.9
2018-08-24 08:00:00,1000.9,5.8,144,0.9
2018-08-24 08:10:00,1000.8,5.0,154,0.9
2018-08-24 08:20:00,1000.8,6.1,157,0.9
2018-08-24 08:30:00,1000.9,6.5,149,0.9
2018-08-24 08:40:00,1001.1,5.1,195,0.9
2018-08-24 08:50:00,1001.2,4.3,157,0.9
2018-08-24 09:00:00,1001.3,4.0,175,0.9
2018-08-24 09:10:00,1001.4,3.9,183,0.9
2018-08-24 09:20:00,1001.5,4.2,200,0.9
2018-08-24 09:30:00,1001.6,4.9,182,0.9
2018-08-24 09:40:00,1001.7,4.7,189,0.9
2018-08-24 09:50:00,1001.8,5.1,181,0.9
2018-08-24 10:00:00,1002.0,4.5,198,0.9
2018-08-24 10:10:00,1002.1,4.6,199,0.9
2018-08-24 10:20:00,1002.2,4.6,184,0.9
2018-08-24 10:30:00,1002.4,4.5,205,0.9
2018-08-24 10:40:00,1002.5,4.4,192,0.9
2018-08-24 10:50:00,1002.6,4.3,216,0.9
2018-08-24 11:00:00,1002.6,4.5,200,0.9
2018-08-24 11:10:00,1002.7,4.5,210,0.9
2018-08-24 11:20:00,1002.7,4.2,284,0.9
2018-08-24 11:30:00,1002.8,4.2,282,1.0
2018-08-24 11:40:00,1002.9,3.8,295,1.0
2018-08-24 11:50:00,1002.8,4.0,312,1.0
2018-08-24 12:00:00,1002.9,4.4,296,1.1
2018-08-24 12:10:00,1003.0,4.2,302,1.1
2018-08-24 12:20:00,1002.9,4.8,306,1.1
2018-08-24 12:30:00,1002.9,4.8,321,1.0
2018-08-24 12:40:00,1003.0,4.6,340,1.0
2018-08-24 12:50:00,1003.0,5.0,306,1.0
2018-08-24 13:00:00,1003.0,4.8,326,1.0
2018-08-24 13:10:00,1003.0,4.7,322,1.0
2018-08-24 13:20:00,1003.1,4.3,347,1.0
2018-08-24 13:30:00,1002.9,4.1,326,1.0
2018-08-24 13:40:00,1002.8,4.3,315,1.0
2018-08-24 13:50:00,1002.8,4.6,290,1.0
2018-08-24 14:00:00,1002.8,4.5,296,1.0
2018-08-24 14:10:00,1002.8,4.5,304,1.0
2018-08-24 14:20:00,1002.7,4.8,321,1.0
2018-08-24 14:30:00,1002.7,5.1,287,1.1
2018-08-24 14:40:00,1002.6,4.7,308,1.1
2018-08-24 14:50:00,1002.8,3.8,329,1.1
2018-08-24 15:00:00,1002.7,3.0,296,1.2
2018-08-24 15:10:00,1002.6,3.4,291,1.2
2018-08-24 15:20:00,1002.6,3.4,304,1.2
2018-08-24 15:30:00,1002.6,3.3,242,0.9
2018-08-24 15:40:00,1002.5,3.5,284,0.9
2018-08-24 15:50:00,1002.6,2.4,257,0.9
2018-08-24 16:00:00,1002.6,2.9,249,1.2
2018-08-24 16:10:00,1002.6,2.3,227,1.2
2018-08-24 16:20:00,1002.8,2.6,259,1.2
2018-08-24 16:30:00,1003.0,2.4,299,1.0
2018-08-24 16:40:00,1002.9,2.4,233,1.0
2018-08-24 16:50:00,1002.8,2.4,239,1.0
2018-08-24 17:00:00,1002.8,2.5,272,1.1
2018-08-24 17:10:00,1002.8,3.6,10,1.1
2018-08-24 17:20:00,1002.9,3.4,68,1.1
2018-08-24 17:30:00,1002.9,3.2,137,1.2
2018-08-24 17:40:00,1002.9,3.3,118,1.2
2018-08-24 17:50:00,1002.9,3.5,120,1.2
2018-08-24 18:00:00,1003.0,4.1,128,0.9
2018-08-24 18:10:00,1003.1,3.8,117,0.9
2018-08-24 18:20:00,1003.1,3.3,128,0.9
2018-08-24 18:30:00,1003.2,3.2,129,1.0
2018-08-24 18:40:00,1003.4,3.2,129,1.0
2018-08-24 18:50:00,1003.5,3.1,146,1.0
2018-08-24 19:00:00,1003.4,3.0,146,1.0
2018-08-24 19:10:00,1003.6,3.1,140,1.0
2018-08-24 19:20:00,1003.6,2.4,121,1.0
2018-08-24 19:30:00,1003.6,2.8,127,1.1
2018-08-24 19:40:00,1003.8,2.8,115,1.1
2018-08-24 19:50:00,1003.9,2.5,124,1.1
2018-08-24 20:00:00,1004.0,2.6,136,0.8
2018-08-24 20:10:00,1004.0,2.4,129,0.8
2018-08-24 20:20:00,1004.1,2.3,121,0.8
2018-08-24 20:30:00,1004.2,2.6,118,0.8
2018-08-24 20:40:00,1004.2,2.6,130,0.8
2018-08-24 20:50:00,1004.2,2.8,139,0.8
2018-08-24 21:00:00,1004.2,2.7,122,0.9
2018-08-24 21:10:00,1004.3,2.1,121,0.9
2018-08-24 21:20:00,1004.4,2.3,129,0.9
2018-08-24 21:30:00,1004.5,2.8,132,0.8
2018-08-24 21:40:00,1004.6,2.9,120,0.8
2018-08-24 21:50:00,1004.5,2.1,157,0.8
2018-08-24 22:00:00,1004.5,1.2,132,0.8
2018-08-24 22:10:00,1004.6,0.6,188,0.8
2018-08-24 22:20:00,1004.6,1.1,231,0.8
2018-08-24 22:30:00,1004.7,1.4,219,0.8
2018-08-24 22:40:00,1004.7,4.1,191,0.8
2018-08-24 22:50:00,1004.8,5.1,203,0.8
2018-08-24 23:00:00,1004.9,4.8,200,0.6
2018-08-24 23:10:00,1005.0,4.8,199,0.6
2018-08-24 23:20:00,1005.0,4.8,166,0.6
2018-08-24 23:30:00,1005.1,4.6,208,0.7
2018-08-24 23:40:00,1005.1,4.5,206,0.7
2018-08-24 23:50:00,1005.1,4.3,208,0.7
2018-08-25 00:00:00,1005.1,3.2,219,0.7
2018-08-25 00:10:00,1005.3,2.8,286,0.6
2018-08-25 00:20:00,1005.3,3.0,278,0.6
2018-08-25 00:30:00,1005.2,2.8,274,0.6
2018-08-25 00:40:00,1005.1,2.7,275,0.6
2018-08-25 00:50:00,1004.9,2.8,275,0.6
2018-08-25 01:00:00,1004.8,2.9,344,0.6
2018-08-25 01:10:00,1004.9,2.4,22,0.8
2018-08-25 01:20:00,1004.8,2.5,14,0.8
2018-08-25 01:30:00,1005.0,2.4,1,0.8
2018-08-25 01:40:00,1004.8,2.8,45,0.7
2018-08-22 08:00:00,1006.6,5.0,194,0.7
2018-08-22 08:10:00,1006.6,4.8,207,0.7
2018-08-22 08:20:00,1006.8,4.9,228,0.7
2018-08-22 08:30:00,1007.0,5.6,218,0.8
2018-08-22 08:40:00,1006.9,5.7,230,0.8
2018-08-22 08:50:00,1007.0,5.4,233,0.8
2018-08-22 09:00:00,1007.1,5.6,203,0.7
2018-08-22 09:10:00,1007.2,5.8,206,0.7
2018-08-22 09:20:00,1007.2,5.7,217,0.7
2018-08-22 09:30:00,1007.1,5.0,208,0.6
2018-08-22 09:40:00,1007.0,5.2,200,0.6
2018-08-22 09:50:00,1007.1,5.1,239,0.6
2018-08-22 10:00:00,1007.1,5.2,209,0.8
2018-08-22 10:10:00,1007.1,4.7,269,0.8
2018-08-22 10:20:00,1007.1,4.5,264,0.8
2018-08-22 10:30:00,1007.1,4.8,276,0.8
2018-08-22 10:40:00,1006.8,4.8,301,0.8
2018-08-22 10:50:00,1006.7,4.8,293,0.8
2018-08-22 11:00:00,1006.6,4.8,328,0.8
2018-08-22 11:10:00,1006.6,4.6,314,0.8
2018-08-22 11:20:00,1006.5,4.3,11,0.8
2018-08-22 11:30:00,1006.5,4.1,19,0.9
2018-08-22 11:40:00,1006.3,4.0,313,0.9
2018-08-22 11:50:00,1006.3,4.3,13,0.9
2018-08-22 12:00:00,1006.3,4.9,46,1.0
2018-08-22 12:10:00,1006.2,5.7,30,1.0
2018-08-22 12:20:00,1006.1,6.3,31,1.0
2018-08-22 12:30:00,1006.0,6.8,11,1.0
2018-08-22 12:40:00,1005.9,6.3,28,1.0
2018-08-22 12:50:00,1005.8,6.0,346,1.0
2018-08-22 13:00:00,1005.8,6.8,343,1.0
2018-08-22 13:10:00,1005.7,6.8,101,1.0
2018-08-22 13:20:00,1005.6,6.8,73,1.0
2018-08-22 13:30:00,1005.5,6.9,351,1.1
2018-08-22 13:40:00,1005.4,7.4,14,1.1
2018-08-22 13:50:00,1005.3,7.5,34,1.1
2018-08-22 14:00:00,1005.2,7.2,34,1.1
2018-08-22 14:10:00,1005.2,7.8,22,1.1
2018-08-22 14:20:00,1005.0,6.9,13,1.1
2018-08-22 14:30:00,1004.8,7.5,37,1.2
2018-08-22 14:40:00,1004.7,7.3,47,1.2
2018-08-22 14:50:00,1004.6,6.6,278,1.2
2018-08-22 15:00:00,1004.6,6.6,351,1.3
2018-08-22 15:10:00,1004.7,6.7,284,1.3
2018-08-22 15:20:00,1004.7,6.5,10,1.3
2018-08-22 15:30:00,1004.6,6.5,359,1.2
2018-08-22 15:40:00,1004.5,6.4,345,1.2
2018-08-22 15:50:00,1004.6,6.6,3,1.2
2018-08-22 16:00:00,1004.6,6.7,32,1.1
2018-08-22 16:10:00,1004.6,7.0,358,1.1
2018-08-22 16:20:00,1004.6,7.3,24,1.1
2018-08-22 16:30:00,1004.6,7.4,14,1.3
2018-08-22 16:40:00,1004.7,7.8,301,1.3
2018-08-22 16:50:00,1004.5,7.4,298,1.3
2018-08-22 17:00:00,1004.7,7.6,350,1.3
2018-08-22 17:10:00,1004.8,7.1,315,1.3
2018-08-22 17:20:00,1004.7,7.0,258,1.3
2018-08-22 17:30:00,1004.7,6.9,278,1.2
2018-08-22 17:40:00,1004.6,6.5,296,1.2
2018-08-22 17:50:00,1004.7,6.0,332,1.2
2018-08-22 18:00:00,1004.8,6.1,227,1.2
2018-08-22 18:10:00,1004.9,5.9,252,1.2
2018-08-22 18:20:00,1004.8,5.4,294,1.2
2018-08-22 18:30:00,1004.8,5.5,293,1.2
2018-08-22 18:40:00,1004.9,5.2,275,1.2
2018-08-22 18:50:00,1004.9,5.8,197,1.2
2018-08-22 19:00:00,1004.9,5.1,213,1.4
2018-08-22 19:10:00,1004.8,5.4,234,1.4
2018-08-22 19:20:00,1005.1,4.9,230,1.4
2018-08-22 19:30:00,1005.2,4.9,257,1.1
2018-08-22 19:40:00,1005.2,5.4,205,1.1
2018-08-22 19:50:00,1005.3,5.3,275,1.1
2018-08-22 20:00:00,1005.4,5.7,284,1.0
2018-08-22 20:10:00,1005.6,5.5,287,1.0
2018-08-22 20:20:00,1005.7,5.6,290,1.0
2018-08-22 20:30:00,1005.7,5.6,260,1.1
2018-08-22 20:40:00,1005.8,6.3,265,1.1
2018-08-22 20:50:00,1005.9,5.6,283,1.1
2018-08-22 21:00:00,1005.8,6.3,218,1.2
2018-08-22 21:10:00,1005.9,5.7,205,1.2
2018-08-22 21:20:00,1005.8,5.1,192,1.2
2018-08-22 21:30:00,1005.8,5.9,204,1.2
2018-08-22 21:40:00,1005.8,5.9,203,1.2
2018-08-22 21:50:00,1005.8,6.6,196,1.2
2018-08-22 22:00:00,1005.7,7.5,207,1.0
2018-08-22 22:10:00,1005.7,7.1,207,1.0
2018-08-22 22:20:00,1005.6,8.2,198,1.0
2018-08-22 22:30:00,1005.5,7.9,200,1.1
2018-08-22 22:40:00,1005.5,7.3,202,1.1
2018-08-22 22:50:00,1005.3,7.6,218,1.1
2018-08-22 23:00:00,1005.5,8.0,194,1.1
2018-08-22 23:10:00,1005.4,8.0,188,1.1
2018-08-22 23:20:00,1005.3,8.4,290,1.1
2018-08-22 23:30:00,1005.4,8.4,218,1.3
2018-08-22 23:40:00,1005.4,9.4,214,1.3
2018-08-22 23:50:00,1005.5,8.4,299,1.3
2018-08-23 00:00:00,1005.4,8.3,297,1.3
2018-08-23 00:10:00,1005.4,8.3,208,1.3
2018-08-23 00:20:00,1005.1,8.5,22,1.3
2018-08-23 00:30:00,1005.1,9.0,294,1.5
2018-08-23 00:40:00,1005.1,8.2,312,1.5
2018-08-23 00:50:00,1005.1,9.5,308,1.5
2018-08-23 01:00:00,1005.2,9.2,52,1.6
2018-08-23 01:10:00,1005.0,9.1,286,1.6
2018-08-23 01:20:00,1005.0,9.4,18,1.6
2018-08-23 01:30:00,1005.0,9.2,10,1.8
2018-08-23 01:40:00,1004.6,9.5,291,1.8
2018-08-23 01:50:00,1004.6,8.9,310,1.8
2018-08-23 02:00:00,1004.5,9.2,348,2.0
2018-08-23 02:10:00,1004.7,9.3,316,2.0
2018-08-23 02:20:00,1004.7,9.7,11,2.0
2018-08-23 02:30:00,1004.5,8.7,299,1.7
2018-08-23 02:40:00,1004.4,7.7,326,1.7
2018-08-23 02:50:00,1004.4,8.8,0,1.7
2018-08-23 03:00:00,1004.4,9.1,27,1.9
2018-08-23 03:10:00,1004.2,8.9,324,1.9
2018-08-23 03:20:00,1004.0,8.8,339,1.9
2018-08-23 03:30:00,1004.1,7.9,328,1.8
2018-08-23 03:40:00,1003.9,9.6,5,1.8
2018-08-23 03:50:00,1004.1,8.0,310,1.8
2018-08-23 04:00:00,1003.7,8.7,303,2.0
2018-08-23 04:10:00,1003.9,8.9,327,2.0
2018-08-23 04:20:00,1003.7,8.9,324,2.0
2018-08-23 04:30:00,1003.9,9.0,316,2.2
2018-08-23 04:40:00,1003.8,9.1,46,2.2
2018-08-23 04:50:00,1004.1,8.4,12,2.2
2018-08-23 05:00:00,1003.8,9.8,311,1.9
2018-08-23 05:10:00,1004.0,9.3,35,1.9
2018-08-23 05:20:00,1003.9,9.4,141,1.9
2018-08-23 05:30:00,1003.9,10.0,123,2.1
2018-08-23 05:40:00,1004.2,9.6,346,2.1
2018-08-23 05:50:00,1004.1,8.9,6,2.1
2018-08-23 06:00:00,1003.9,8.7,317,1.8
2018-08-23 06:10:00,1004.0,9.0,25,1.8
2018-08-23 06:20:00,1004.3,8.7,301,1.8
2018-08-23 06:30:00,1004.0,9.3,312,2.0
2018-08-23 06:40:00,1004.0,9.8,301,2.0
2018-08-23 06:50:00,1003.7,10.0,332,2.0
2018-08-23 07:00:00,1003.9,9.7,353,1.9
2018-08-23 07:10:00,1003.7,10.1,311,1.9
2018-08-23 07:20:00,1004.0,10.3,291,1.9
2018-08-23 07:30:00,1004.1,10.6,304,1.5
2018-08-23 07:40:00,1004.0,9.8,302,1.5
2018-08-23 07:50:00,1003.9,10.0,306,1.5
2018-08-23 08:00:00,1003.7,10.2,310,1.9
2018-08-23 08:10:00,1003.7,10.9,47,1.9
2018-08-23 08:20:00,1003.8,9.9,16,1.9
2018-08-23 08:30:00,1003.9,9.3,179,1.6
2018-08-23 08:40:00,1003.9,10.9,136,1.6
2018-08-23 08:50:00,1003.8,10.6,130,1.6
2018-08-23 09:00:00,1003.8,12.9,120,1.7
2018-08-23 09:10:00,1003.7,10.2,144,1.7
2018-08-23 09:20:00,1003.8,10.7,122,1.7
2018-08-23 09:30:00,1004.1,10.8,90,1.7
2018-08-23 09:40:00,1004.0,11.9,192,1.7
2018-08-23 09:50:00,1004.1,11.6,127,1.7
2018-08-23 10:00:00,1003.9,11.1,7,1.8
2018-08-23 10:10:00,1003.9,12.0,198,1.8
2018-08-23 10:20:00,1004.0,12.6,202,1.8
2018-08-23 10:30:00,1004.2,11.1,139,1.6
2018-08-23 10:40:00,1004.2,10.1,273,1.6
2018-08-23 10:50:00,1004.0,10.5,122,1.6
2018-08-23 11:00:00,1003.8,10.3,195,2.0
2018-08-23 11:10:00,1003.6,12.4,134,2.0
2018-08-23 11:20:00,1003.5,12.9,153,2.0
2018-08-23 11:30:00,1003.6,13.2,285,1.9
2018-08-23 11:40:00,1003.6,11.1,296,1.9
2018-08-23 11:50:00,1003.4,9.5,313,1.9
2018-08-23 12:00:00,1003.3,11.6,335,1.8
2018-08-23 12:10:00,1003.3,12.8,298,1.8
2018-08-23 12:20:00,1003.3,13.3,287,1.8
2018-08-23 12:30:00,1003.3,12.2,349,1.9
2018-08-23 12:40:00,1003.3,12.0,11,1.9
2018-08-23 12:50:00,1003.3,11.3,21,1.9
2018-08-23 13:00:00,1003.0,10.2,300,2.1
2018-08-23 13:10:00,1002.9,12.8,330,2.1
2018-08-23 13:20:00,1002.6,12.0,12,2.1
2018-08-23 13:30:00,1002.7,12.7,20,2.0
2018-08-23 13:40:00,1002.5,11.5,332,2.0
2018-08-23 13:50:00,1002.5,12.8,7,2.0
2018-08-23 14:00:00,1002.1,12.2,311,2.2
2018-08-23 14:10:00,1002.3,12.6,15,2.2
2018-08-23 14:20:00,1002.3,10.8,43,2.2
2018-08-23 14:30:00,1002.2,10.6,330,2.2
2018-08-23 14:40:00,1002.1,12.3,299,2.2
2018-08-23 14:50:00,1002.2,11.5,311,2.2
2018-08-23 15:00:00,1002.0,11.6,328,2.0
2018-08-23 15:10:00,1002.1,11.5,318,2.0
2018-08-23 15:20:00,1001.9,12.9,296,2.0
2018-08-23 15:30:00,1002.1,10.3,300,2.0
2018-08-23 15:40:00,1002.0,10.6,317,2.0
2018-08-23 15:50:00,1001.9,11.3,324,2.0
2018-08-23 16:00:00,1001.9,12.5,29,1.9
2018-08-23 16:10:00,1001.9,11.8,30,1.9
2018-08-23 16:20:00,1001.9,10.6,352,1.9
2018-08-23 16:30:00,1002.0,10.0,294,2.0
2018-08-23 16:40:00,1001.9,9.0,280,2.0
2018-08-23 16:50:00,1002.0,8.5,332,2.0
2018-08-23 17:00:00,1002.2,10.6,302,1.7
2018-08-23 17:10:00,1002.1,10.1,341,1.7
2018-08-23 17:20:00,1002.0,9.4,9,1.7
2018-08-23 17:30:00,1002.1,7.0,330,1.7
2018-08-23 17:40:00,1001.9,7.5,0,1.7
2018-08-23 17:50:00,1001.9,7.5,1,1.7
2018-08-23 18:00:00,1001.6,7.0,271,1.5
2018-08-23 18:10:00,1001.9,8.7,299,1.5
2018-08-23 18:20:00,1001.9,8.7,303,1.5
2018-08-23 18:30:00,1001.9,8.9,316,1.7
2018-08-23 18:40:00,1002.0,8.5,323,1.7
2018-08-23 18:50:00,1002.1,8.8,118,1.7
2018-08-23 19:00:00,1001.9,11.5,119,1.5
2018-08-23 19:10:00,1002.1,10.3,119,1.5
2018-08-23 19:20:00,1002.3,11.0,122,1.5
2018-08-23 19:30:00,1002.3,10.4,147,1.3
2018-08-23 19:40:00,1002.8,10.7,113,1.3
2018-08-23 19:50:00,1002.8,9.4,133,1.3
2018-08-23 20:00:00,1002.8,10.0,145,1.4
2018-08-23 20:10:00,1003.0,9.1,110,1.4
2018-08-23 20:20:00,1003.1,8.3,140,1.4
2018-08-23 20:30:00,1002.9,9.4,132,1.4
2018-08-23 20:40:00,1003.2,10.9,129,1.4
2018-08-23 20:50:00,1003.3,9.2,141,1.4
2018-08-23 21:00:00,1003.4,10.1,131,1.3
2018-08-23 21:10:00,1003.1,9.9,145,1.3
2018-08-23 21:20:00,1003.4,9.3,141,1.3
2018-08-23 21:30:00,1003.0,8.9,129,1.4
2018-08-23 21:40:00,1003.2,8.1,146,1.4
2018-08-23 21:50:00,1003.2,8.5,114,1.4
2018-08-23 22:00:00,1003.1,9.6,119,1.4
2018-08-23 22:10:00,1003.2,9.4,136,1.4
2018-08-23 22:20:00,1003.1,9.3,130,1.4
2018-08-23 22:30:00,1003.5,9.5,118,1.2
2018-08-23 22:40:00,1003.5,8.2,132,1.2
2018-08-23 22:50:00,1003.4,8.8,148,1.2
2018-08-23 23:00:00,1003.4,9.6,129,1.5
2018-08-23 23:10:00,1003.3,10.2,152,1.5
2018-08-23 23:20:00,1003.2,9.6,131,1.5
2018-08-23 23:30:00,1003.5,8.9,124,1.5
2018-08-23 23:40:00,1003.5,8.9,129,1.5
2018-08-23 23:50:00,1003.4,9.2,129,1.5
2018-08-24 00:00:00,1003.3,8.3,132,1.5
2018-08-24 00:10:00,1003.2,7.3,129,1.5
2018-08-24 00:20:00,1003.2,8.2,127,1.5
2018-08-24 00:30:00,1003.1,8.3,150,1.3
2018-08-24 00:40:00,1003.0,8.2,141,1.3
2018-08-24 00:50:00,1003.0,9.0,126,1.3
2018-08-24 01:00:00,1002.9,7.5,306,1.2
2018-08-24 01:10:00,1003.0,7.4,315,1.2
2018-08-24 01:20:00,1002.8,6.9,285,1.2
2018-08-24 01:30:00,1003.1,6.8,310,1.3
2018-08-24 01:40:00,1003.0,6.7,288,1.3
2018-08-24 01:50:00,1002.9,8.0,302,1.3
2018-08-24 02:00:00,1002.8,7.0,314,1.4
2018-08-24 02:10:00,1002.7,7.5,321,1.4
2018-08-24 02:20:00,1002.6,8.0,321,1.4
2018-08-24 02:30:00,1002.7,7.2,318,1.2
2018-08-24 02:40:00,1002.8,6.9,312,1.2
2018-08-24 02:50:00,1002.7,7.5,311,1.2
2018-08-24 03:00:00,1002.7,7.4,332,1.3
2018-08-24 03:10:00,1002.8,7.7,358,1.3
2018-08-24 03:20:00,1002.7,7.1,326,1.3
2018-08-24 03:30:00,1002.7,7.3,327,1.3
2018-08-24 03:40:00,1002.6,6.0,321,1.3
2018-08-24 03:50:00,1002.7,6.3,318,1.3
2018-08-24 04:00:00,1002.8,6.3,302,1.2
2018-08-24 04:10:00,1002.9,6.7,308,1.2
2018-08-24 04:20:00,1002.9,6.3,313,1.2
2018-08-24 04:30:00,1003.0,7.3,330,1.3
2018-08-24 04:40:00,1003.1,7.8,330,1.3
2018-08-24 04:50:00,1003.1,7.2,16,1.3
2018-08-24 05:00:00,1003.1,7.1,18,1.5
2018-08-24 05:10:00,1003.0,7.0,312,1.5
2018-08-24 05:20:00,1003.2,7.1,3,1.5
2018-08-24 05:30:00,1003.4,7.1,344,1.2
2018-08-24 05:40:00,1003.4,6.6,0,1.2
2018-08-24 05:50:00,1003.6,6.0,359,1.2
2018-08-24 06:00:00,1003.5,7.1,308,1.2
2018-08-24 06:10:00,1003.8,7.0,328,1.2
2018-08-24 06:20:00,1003.9,7.9,316,1.2
2018-08-24 06:30:00,1003.9,8.1,308,1.0
2018-08-24 06:40:00,1004.1,7.7,312,1.0
2018-08-24 06:50:00,1004.2,8.4,313,1.0
2018-08-24 07:00:00,1004.2,7.5,312,1.2
2018-08-24 07:10:00,1004.4,7.3,319,1.2
2018-08-24 07:20:00,1004.5,7.9,41,1.2
2018-08-24 07:30:00,1004.4,8.4,66,1.0
2018-08-24 07:40:00,1004.7,7.8,131,1.0
2018-08-24 07:50:00,1004.8,8.0,132,1.0
2018-08-24 08:00:00,1004.8,8.5,122,1.0
2018-08-24 08:10:00,1004.9,6.8,140,1.0
2018-08-24 08:20:00,1005.0,6.5,184,1.0
2018-08-24 08:30:00,1005.0,7.6,189,0.8
2018-08-24 08:40:00,1004.9,7.5,122,0.8
2018-08-24 08:50:00,1005.1,6.3,147,0.8
2018-08-24 09:00:00,1005.2,7.1,127,0.7
2018-08-24 09:10:00,1005.3,8.1,149,0.7
2018-08-24 09:20:00,1005.4,7.5,129,0.7
2018-08-24 09:30:00,1005.5,6.5,193,0.7
2018-08-24 09:40:00,1005.5,7.5,146,0.7
2018-08-24 09:50:00,1005.3,10.1,150,0.7
2018-08-24 10:00:00,1005.4,10.1,155,0.8
2018-08-24 10:10:00,1005.6,8.1,193,0.8
2018-08-24 10:20:00,1005.3,10.7,216,0.8
2018-08-24 10:30:00,1005.3,9.9,204,0.8
2018-08-24 10:40:00,1005.2,10.1,195,0.8
2018-08-24 10:50:00,1005.3,10.6,204,0.8
2018-08-24 11:00:00,1005.3,10.4,195,0.9
2018-08-24 11:10:00,1005.1,9.1,200,0.9
2018-08-24 11:20:00,1005.2,7.8,189,0.9
2018-08-24 11:30:00,1005.1,8.9,196,0.8
2018-08-24 11:40:00,1005.1,9.5,145,0.8
2018-08-24 11:50:00,1004.9,9.2,114,0.8
2018-08-24 12:00:00,1004.9,9.7,130,0.7
2018-08-24 12:10:00,1005.1,10.2,128,0.7
2018-08-24 12:20:00,1005.0,9.2,300,0.7
2018-08-24 12:30:00,1005.0,7.5,316,0.9
2018-08-24 12:40:00,1004.9,5.9,314,0.9
2018-08-24 12:50:00,1004.8,6.6,345,0.9
2018-08-24 13:00:00,1004.8,5.7,294,0.9
2018-08-24 13:10:00,1004.8,5.3,326,0.9
2018-08-24 13:20:00,1004.6,6.0,321,0.9
2018-08-24 13:30:00,1004.5,6.8,346,0.8
2018-08-24 13:40:00,1004.5,4.6,343,0.8
2018-08-24 13:50:00,1004.3,6.4,354,0.8
2018-08-24 14:00:00,1004.4,6.2,357,0.8
2018-08-24 14:10:00,1004.2,6.2,332,0.8
2018-08-24 14:20:00,1004.2,6.1,311,0.8
2018-08-24 14:30:00,1004.2,6.5,301,0.9
2018-08-24 14:40:00,1004.1,5.9,315,0.9
2018-08-24 14:50:00,1004.1,5.9,336,0.9
2018-08-24 15:00:00,1004.1,6.2,311,1.0
2018-08-24 15:10:00,1004.2,6.0,280,1.0
2018-08-24 15:20:00,1004.1,4.8,288,1.0
2018-08-24 15:30:00,1004.1,4.2,310,0.8
2018-08-24 15:40:00,1004.2,5.5,288,0.8
2018-08-24 15:50:00,1004.2,4.5,303,0.8
2018-08-24 16:00:00,1004.3,5.6,282,0.8
2018-08-24 16:10:00,1004.5,4.3,290,0.8
2018-08-24 16:20:00,1004.4,4.7,301,0.8
2018-08-24 16:30:00,1004.5,4.1,301,0.8
2018-08-24 16:40:00,1004.4,5.8,320,0.8
2018-08-24 16:50:00,1004.5,5.0,294,0.8
2018-08-24 17:00:00,1004.5,4.7,282,0.9
2018-08-24 17:10:00,1004.5,4.6,325,0.9
2018-08-24 17:20:00,1004.5,3.7,325,0.9
2018-08-24 17:30:00,1004.7,3.3,312,0.8
2018-08-24 17:40:00,1004.7,3.1,300,0.8
2018-08-24 17:50:00,1004.7,3.3,300,0.8
2018-08-24 18:00:00,1004.7,3.1,124,0.6
2018-08-24 18:10:00,1004.9,3.1,142,0.6
2018-08-24 18:20:00,1004.9,2.5,143,0.6
2018-08-24 18:30:00,1004.9,1.8,157,0.7
2018-08-24 18:40:00,1005.0,1.5,167,0.7
2018-08-24 18:50:00,1005.2,1.9,143,0.7
2018-08-24 19:00:00,1005.3,1.6,196,0.6
2018-08-24 19:10:00,1005.5,1.0,145,0.6
2018-08-24 19:20:00,1005.6,0.9,188,0.6
2018-08-24 19:30:00,1005.9,0.7,204,0.6
2018-08-24 19:40:00,1006.0,0.6,210,0.6
2018-08-24 19:50:00,1006.2,2.0,18,0.6
2018-08-24 20:00:00,1006.4,2.1,21,0.6
2018-08-24 20:10:00,1006.6,1.9,17,0.6
2018-08-24 20:20:00,1006.7,1.0,32,0.6
2018-08-24 20:30:00,1006.8,1.5,198,0.6
2018-08-24 20:40:00,1007.1,2.6,201,0.6
2018-08-24 20:50:00,1007.2,2.8,184,0.6
2018-08-24 21:00:00,1007.3,4.6,174,0.4
2018-08-24 21:10:00,1007.4,5.5,193,0.4
2018-08-24 21:20:00,1007.4,5.7,185,0.4
2018-08-24 21:30:00,1007.4,5.6,197,0.5
2018-08-24 21:40:00,1007.5,5.9,198,0.5
2018-08-24 21:50:00,1007.6,6.5,203,0.5
2018-08-24 22:00:00,1007.6,6.0,191,0.5
2018-08-24 22:10:00,1007.7,6.3,185,0.5
2018-08-24 22:20:00,1007.6,6.2,201,0.5
2018-08-24 22:30:00,1007.7,6.0,138,0.5
2018-08-24 22:40:00,1007.7,5.6,186,0.5
2018-08-24 22:50:00,1007.8,5.0,195,0.5
2018-08-24 23:00:00,1007.9,4.4,194,0.5
2018-08-24 23:10:00,1007.9,4.2,144,0.5
2018-08-24 23:20:00,1008.0,5.0,195,0.5
2018-08-24 23:30:00,1008.0,5.4,200,0.5
2018-08-24 23:40:00,1007.9,5.9,205,0.5
2018-08-24 23:50:00,1007.9,5.8,180,0.5
2018-08-25 00:00:00,1007.9,5.8,212,0.5
2018-08-25 00:10:00,1007.9,5.6,213,0.5
2018-08-25 00:20:00,1007.9,5.1,144,0.5
2018-08-25 00:30:00,1007.9,5.2,188,0.4
2018-08-25 00:40:00,1007.9,5.2,190,0.4
2018-08-25 00:50:00,1007.9,4.7,152,0.4
2018-08-25 01:00:00,1007.8,4.7,204,0.4
2018-08-25 01:10:00,1007.8,4.8,317,0.4
2018-08-25 01:20:00,1007.8,5.3,304,0.4
2018-08-25 01:30:00,1007.7,5.3,309,0.5
2018-08-25 01:40:00,1007.9,4.7,352,0.5
2018-08-25 01:50:00,1007.9,4.5,352,0.5
2018-08-25 02:00:00,1007.8,3.5,302,0.4
